EpochTime,CurrentPlaybackTime,CurrentBufferSize,CurrentPlaybackState,Action,Bitrate
0,0,0,INITIAL_BUFFERING,Starting,0
0,0,0,INITIAL_BUFFERING,Starting,0
0.00084400177002,0,1,INITIAL_BUFFERING,Writing,45226
0.00595092773438,0,1,PLAY,InitialBuffering-Play,0
0.00755405426025,0,0,PLAY,StillPlaying,45226
0.164443969727,0,1,PLAY,Writing,88783.0
0.41694188118,0,2,PLAY,Writing,128503.0
0.794569969177,0,3,PLAY,Writing,177437.0
1.25153398514,1,4,PLAY,Writing,217761.0
1.67599201202,1,5,PLAY,Writing,255865.0
2.10277986526,2,6,PLAY,Writing,323047.0
3.0398619175,3,7,PLAY,Writing,378355.0
4.00912499428,4,6,PLAY,StillPlaying,88783.0
4.07043886185,4,7,PLAY,Writing,509091.0
5.10830187798,5,8,PLAY,Writing,577751.0
6.39687585831,6,9,PLAY,Writing,782553.0
8.00913500786,8,8,PLAY,StillPlaying,128503.0
8.34379005432,8,9,PLAY,Writing,1008699.0
10.6323580742,10,10,PLAY,Writing,1207152.0
12.0091590881,12,9,PLAY,StillPlaying,177437.0
14.1333940029,14,10,PLAY,Writing,1473801.0
16.00918293,16,9,PLAY,StillPlaying,217761.0
19.8054969311,19,10,PLAY,Writing,2087347.0
20.0679519176,20,9,PLAY,StillPlaying,255865.0
22.4191520214,22,10,PLAY,Writing,1473801.0
24.0095310211,24,9,PLAY,StillPlaying,323047.0
24.484869957,24,10,PLAY,Writing,2087347.0
28.0091159344,28,9,PLAY,StillPlaying,378355.0
28.9977378845,28,10,PLAY,Writing,1473801.0
30.1759829521,30,11,PLAY,Writing,2087347.0
32.0096449852,32,10,PLAY,StillPlaying,509091.0
35.2644679546,35,11,PLAY,Writing,1473801.0
36.0092530251,36,10,PLAY,StillPlaying,577751.0
40.0091469288,40,9,PLAY,StillPlaying,782553.0
42.2138609886,42,10,PLAY,Writing,2087347.0
44.0091400146,44,9,PLAY,StillPlaying,1008699.0
47.6438188553,47,10,PLAY,Writing,2409742.0
48.0095720291,48,9,PLAY,StillPlaying,1207152.0
49.0062530041,48,10,PLAY,Writing,2087347.0
50.9265720844,50,11,PLAY,Writing,2409742.0
52.0092020035,52,10,PLAY,StillPlaying,1473801.0
55.9255599976,55,11,PLAY,Writing,2944291.0
56.0094048977,56,10,PLAY,StillPlaying,2087347.0
60.009469986,60,9,PLAY,StillPlaying,1473801.0
61.2471969128,61,10,PLAY,Writing,2409742.0
63.3139369488,63,11,PLAY,Writing,2944291.0
64.00958395,64,10,PLAY,StillPlaying,2087347.0
68.0091760159,68,9,PLAY,StillPlaying,1473801.0
69.0839328766,69,10,PLAY,Writing,3340509.0
70.5302529335,70,11,PLAY,Writing,3613836.0
72.0095369816,72,10,PLAY,StillPlaying,2087347.0
76.0093939304,76,9,PLAY,StillPlaying,1473801.0
77.4293439388,77,10,PLAY,Writing,3936261.0
80.0090889931,80,9,PLAY,StillPlaying,2087347.0
81.86967206,81,10,PLAY,Writing,3613836.0
84.0091400146,84,9,PLAY,StillPlaying,2409742.0
85.2289350033,85,10,PLAY,Writing,3936261.0
87.8232870102,87,11,PLAY,Writing,3613836.0
88.0089969635,88,10,PLAY,StillPlaying,2087347.0
92.0095760822,92,9,PLAY,StillPlaying,2409742.0
94.4594428539,94,10,PLAY,Writing,3936261.0
96.0098369122,96,9,PLAY,StillPlaying,2944291.0
97.198196888,97,10,PLAY,Writing,3613836.0
100.009515047,100,9,PLAY,StillPlaying,2409742.0
100.485200882,100,10,PLAY,Writing,3936261.0
103.809674978,103,11,PLAY,Writing,3613836.0
104.008951902,104,10,PLAY,StillPlaying,2944291.0
108.009548903,108,9,PLAY,StillPlaying,3340509.0
110.732536077,110,10,PLAY,Writing,3936261.0
112.009166002,112,9,PLAY,StillPlaying,3613836.0
113.319376945,113,10,PLAY,Writing,3613836.0
116.009312868,116,9,PLAY,StillPlaying,3936261.0
116.08065486,116,10,PLAY,Writing,3936261.0
117.766638041,117,11,PLAY,Writing,3613836.0
120.009234905,120,10,PLAY,StillPlaying,3613836.0
124.009526968,124,9,PLAY,StillPlaying,3936261.0
128.009160042,128,8,PLAY,StillPlaying,3613836.0
132.009139061,132,7,PLAY,StillPlaying,3936261.0
136.00910306,136,6,PLAY,StillPlaying,3613836.0
140.009562969,140,5,PLAY,StillPlaying,3936261.0
144.00950098,144,4,PLAY,StillPlaying,3613836.0
145.106253862,145,5,PLAY,Writing,3936261.0
148.009137869,148,4,PLAY,StillPlaying,3936261.0
152.00959301,152,3,PLAY,StillPlaying,3613836.0
153.447367907,153,4,PLAY,Writing,1207152.0
156.009141922,156,3,PLAY,StillPlaying,3936261.0
158.075555086,158,4,PLAY,Writing,1008699.0
160.009636879,160,3,PLAY,StillPlaying,3613836.0
161.419550896,161,4,PLAY,Writing,782553.0
164.009145975,164,3,PLAY,StillPlaying,3936261.0
166.343534946,166,4,PLAY,Writing,577751.0
168.009157896,168,3,PLAY,StillPlaying,1207152.0
170.288025856,170,4,PLAY,Writing,378355.0
172.009110928,172,3,PLAY,StillPlaying,1008699.0
174.647669077,174,4,PLAY,Writing,509091.0
176.009141922,176,3,PLAY,StillPlaying,782553.0
176.132144928,176,4,PLAY,Writing,378355.0
180.009149075,180,3,PLAY,StillPlaying,577751.0
180.408056021,180,4,PLAY,Writing,509091.0
184.009172916,184,3,PLAY,StillPlaying,378355.0
184.409873962,184,4,PLAY,Writing,378355.0
188.009160042,188,3,PLAY,StillPlaying,509091.0
190.481580019,190,4,PLAY,Writing,509091.0
192.009134054,192,3,PLAY,StillPlaying,378355.0
195.008687019,195,4,PLAY,Writing,323047.0
196.009212971,196,3,PLAY,StillPlaying,509091.0
197.936753035,197,4,PLAY,Writing,255865.0
200.009613037,200,3,PLAY,StillPlaying,378355.0
204.009316921,204,2,PLAY,StillPlaying,509091.0
204.58038187,204,3,PLAY,Writing,323047.0
205.204137087,205,4,PLAY,Writing,217761.0
206.319545031,206,5,PLAY,Writing,255865.0
207.368618965,207,6,PLAY,Writing,323047.0
208.009588003,208,5,PLAY,StillPlaying,323047.0
209.171310902,209,6,PLAY,Writing,378355.0
211.017370939,211,7,PLAY,Writing,509091.0
212.009588003,212,6,PLAY,StillPlaying,255865.0
212.038474083,212,7,PLAY,Writing,577751.0
213.696075916,213,8,PLAY,Writing,782553.0
216.00961709,216,7,PLAY,StillPlaying,323047.0
220.009176016,220,6,PLAY,StillPlaying,217761.0
224.009190083,224,5,PLAY,StillPlaying,255865.0
226.675164938,226,6,PLAY,Writing,1008699.0
228.009104967,228,5,PLAY,StillPlaying,323047.0
232.009139061,232,4,PLAY,StillPlaying,378355.0
234.153892994,234,5,PLAY,Writing,509091.0
236.009150982,236,4,PLAY,StillPlaying,509091.0
240.009147882,240,3,PLAY,StillPlaying,577751.0
240.690711975,240,4,PLAY,Writing,378355.0
243.021509886,243,5,PLAY,Writing,323047.0
244.009192944,244,4,PLAY,StillPlaying,782553.0
248.009533882,248,3,PLAY,StillPlaying,1008699.0
249.598625898,249,4,PLAY,Writing,378355.0
250.324195862,250,5,PLAY,Writing,217761.0
252.009140015,252,4,PLAY,StillPlaying,509091.0
254.807009935,254,5,PLAY,Writing,255865.0
256.00959897,256,4,PLAY,StillPlaying,378355.0
259.375675917,259,5,PLAY,Writing,217761.0
260.009123087,260,4,PLAY,StillPlaying,323047.0
260.483654022,260,5,PLAY,Writing,255865.0
264.009651899,264,4,PLAY,StillPlaying,378355.0
264.425046921,264,5,PLAY,Writing,323047.0
268.009115934,268,4,PLAY,StillPlaying,217761.0
270.07328105,270,5,PLAY,Writing,255865.0
271.434828997,271,6,PLAY,Writing,217761.0
272.009556055,272,5,PLAY,StillPlaying,255865.0
273.489804029,273,6,PLAY,Writing,255865.0
275.110996008,275,7,PLAY,Writing,323047.0
276.009639025,276,6,PLAY,StillPlaying,217761.0
276.400371075,276,7,PLAY,Writing,255865.0
279.0209589,279,8,PLAY,Writing,323047.0
280.009135008,280,7,PLAY,StillPlaying,255865.0
281.218271971,281,8,PLAY,Writing,378355.0
284.009124041,284,7,PLAY,StillPlaying,323047.0
285.777160883,285,8,PLAY,Writing,509091.0
288.009126902,288,7,PLAY,StillPlaying,255865.0
288.101886988,288,8,PLAY,Writing,378355.0
290.348876953,290,9,PLAY,Writing,509091.0
292.00957489,292,8,PLAY,StillPlaying,217761.0
292.356709957,292,9,PLAY,Writing,577751.0
294.284281015,294,10,PLAY,Writing,782553.0
295.621600866,295,11,PLAY,Writing,577751.0
296.009130001,296,10,PLAY,StillPlaying,255865.0
300.009150028,300,9,PLAY,StillPlaying,323047.0
300.362178087,300,10,PLAY,Writing,782553.0
301.583834887,301,11,PLAY,Writing,1008699.0
304.009155035,304,10,PLAY,StillPlaying,255865.0
307.130549908,307,11,PLAY,Writing,1207152.0
308.009670973,308,10,PLAY,StillPlaying,323047.0
312.009155989,312,9,PLAY,StillPlaying,378355.0
313.406970978,313,10,PLAY,Writing,1473801.0
315.812701941,315,11,PLAY,Writing,2087347.0
316.00941205,316,10,PLAY,StillPlaying,509091.0
320.009556055,320,9,PLAY,StillPlaying,378355.0
323.022513866,323,10,PLAY,Writing,2409742.0
324.009113073,324,9,PLAY,StillPlaying,509091.0
328.009607077,328,8,PLAY,StillPlaying,577751.0
328.043169022,328,9,PLAY,Writing,2944291.0
331.49310708,331,10,PLAY,Writing,2409742.0
332.009511948,332,9,PLAY,StillPlaying,782553.0
336.009152889,336,8,PLAY,StillPlaying,577751.0
340.009577036,340,7,PLAY,StillPlaying,782553.0
342.925981998,342,8,PLAY,Writing,2944291.0
344.009140015,344,7,PLAY,StillPlaying,1008699.0
346.395837069,346,8,PLAY,Writing,1473801.0
348.009127855,348,7,PLAY,StillPlaying,1207152.0
349.7436409,349,8,PLAY,Writing,2087347.0
350.937268972,350,9,PLAY,Writing,1473801.0
352.009968996,352,8,PLAY,StillPlaying,1473801.0
352.23691988,352,9,PLAY,Writing,2087347.0
353.250586033,353,10,PLAY,Writing,1473801.0
355.046334028,355,11,PLAY,Writing,2087347.0
356.009222031,356,10,PLAY,StillPlaying,2087347.0
360.009072065,360,9,PLAY,StillPlaying,2409742.0
363.511781931,363,10,PLAY,Writing,2409742.0
364.009119034,364,9,PLAY,StillPlaying,2944291.0
364.926536083,364,10,PLAY,Writing,2944291.0
366.339385033,366,11,PLAY,Writing,2409742.0
368.009654999,368,10,PLAY,StillPlaying,2409742.0
372.009615898,372,9,PLAY,StillPlaying,2944291.0
373.294955969,373,10,PLAY,Writing,2944291.0
376.00949192,376,9,PLAY,StillPlaying,1473801.0
377.398380041,377,10,PLAY,Writing,2409742.0
380.009113073,380,9,PLAY,StillPlaying,2087347.0
384.009140015,384,8,PLAY,StillPlaying,1473801.0
384.278136015,384,9,PLAY,Writing,2944291.0
388.009598017,388,8,PLAY,StillPlaying,2087347.0
392.009582043,392,7,PLAY,StillPlaying,1473801.0
396.009137869,396,6,PLAY,StillPlaying,2087347.0
400.009471893,400,5,PLAY,StillPlaying,2409742.0
403.180547953,403,6,PLAY,Writing,2087347.0
404.009166002,404,5,PLAY,StillPlaying,2944291.0
408.009696007,408,4,PLAY,StillPlaying,2409742.0
408.594250917,408,5,PLAY,Writing,1207152.0
410.788680077,410,6,PLAY,Writing,1008699.0
412.009150028,412,5,PLAY,StillPlaying,2944291.0
412.046725035,412,6,PLAY,Writing,782553.0
412.727959871,412,7,PLAY,Writing,577751.0
413.43104291,413,8,PLAY,Writing,782553.0
414.291001081,414,9,PLAY,Writing,1008699.0
415.097116947,415,10,PLAY,Writing,1207152.0
416.003947973,415,11,PLAY,Writing,1473801.0
416.010736942,416,10,PLAY,StillPlaying,2409742.0
418.029409885,418,11,PLAY,Writing,2087347.0
420.009799004,420,10,PLAY,StillPlaying,2944291.0
423.683871031,423,11,PLAY,Writing,2409742.0
424.009006023,424,10,PLAY,StillPlaying,2087347.0
428.009535074,428,9,PLAY,StillPlaying,1207152.0
432.009149075,432,8,PLAY,StillPlaying,1008699.0
436.009531021,436,7,PLAY,StillPlaying,782553.0
436.522954941,436,8,PLAY,Writing,2944291.0
440.009590864,440,7,PLAY,StillPlaying,577751.0
440.898732901,440,8,PLAY,Writing,2087347.0
444.009134054,444,7,PLAY,StillPlaying,782553.0
444.254991055,444,8,PLAY,Writing,2409742.0
447.872116089,447,9,PLAY,Writing,2087347.0
448.010257959,448,8,PLAY,StillPlaying,1008699.0
448.814684868,448,9,PLAY,Writing,1473801.0
450.752203941,450,10,PLAY,Writing,2087347.0
452.009919882,452,9,PLAY,StillPlaying,1207152.0
452.917980909,452,10,PLAY,Writing,2409742.0
455.47922492,455,11,PLAY,Writing,2944291.0
456.009098053,456,10,PLAY,StillPlaying,1473801.0
460.009629011,460,9,PLAY,StillPlaying,2087347.0
462.199560881,462,10,PLAY,Writing,2409742.0
464.009588003,464,9,PLAY,StillPlaying,2409742.0
465.644824028,465,10,PLAY,Writing,2944291.0
468.009820938,468,9,PLAY,StillPlaying,2944291.0
470.184393883,470,10,PLAY,Writing,3340509.0
472.009953022,472,9,PLAY,StillPlaying,2087347.0
476.00998497,476,8,PLAY,StillPlaying,2409742.0
476.071186066,476,9,PLAY,Writing,3613836.0
480.009104013,480,8,PLAY,StillPlaying,2087347.0
480.121242046,480,9,PLAY,Writing,2944291.0
484.009150982,484,8,PLAY,StillPlaying,1473801.0
488.009151936,488,7,PLAY,StillPlaying,2087347.0
489.799329996,489,8,PLAY,Writing,3340509.0
492.009644032,492,7,PLAY,StillPlaying,2409742.0
495.608305931,495,8,PLAY,Writing,2409742.0
496.009402037,496,7,PLAY,StillPlaying,2944291.0
500.009584904,500,6,PLAY,StillPlaying,2409742.0
503.171638012,503,7,PLAY,Writing,2944291.0
504.009145021,504,6,PLAY,StillPlaying,2944291.0
506.92337203,506,7,PLAY,Writing,2087347.0
508.009119034,508,6,PLAY,StillPlaying,3340509.0
508.679126978,508,7,PLAY,Writing,1473801.0
510.845953941,510,8,PLAY,Writing,2087347.0
512.009671926,512,7,PLAY,StillPlaying,3613836.0
513.45639801,513,8,PLAY,Writing,2409742.0
516.009259939,516,7,PLAY,StillPlaying,2944291.0
517.496953011,517,8,PLAY,Writing,2944291.0
520.009713888,520,7,PLAY,StillPlaying,3340509.0
523.004997015,522,8,PLAY,Writing,3340509.0
524.009123087,524,7,PLAY,StillPlaying,2409742.0
528.00911808,528,6,PLAY,StillPlaying,2944291.0
529.043375015,529,7,PLAY,Writing,2944291.0
532.009603977,532,6,PLAY,StillPlaying,2087347.0
536.009154081,536,5,PLAY,StillPlaying,1473801.0
540.009223938,540,4,PLAY,StillPlaying,2087347.0
544.009134054,544,3,PLAY,StillPlaying,2409742.0
548.009592056,548,2,PLAY,StillPlaying,2944291.0
552.009193897,552,1,PLAY,StillPlaying,3340509.0
556.009124041,556,0,PLAY,StillPlaying,2944291.0
560.01046586,560,0,BUFFERING,Play-Buffering,0
565.894686937,560,1,BUFFERING,Writing,3340509.0
565.898465872,560,1,PLAY,Buffering-Play,0
565.899373055,560,0,PLAY,StillPlaying,3340509.0
569.89981389,564,0,BUFFERING,Play-Buffering,0
579.906032085,564,1,BUFFERING,Writing,1207152.0
579.911198854,564,1,PLAY,Buffering-Play,0
579.912736893,564,0,PLAY,StillPlaying,1207152.0
583.914664984,568,0,BUFFERING,Play-Buffering,0
584.525141001,568,1,BUFFERING,Writing,782553.0
584.530520916,568,1,PLAY,Buffering-Play,0
584.53143096,568,0,PLAY,StillPlaying,782553.0
588.532496929,572,0,BUFFERING,Play-Buffering,0
594.998379946,572,1,BUFFERING,Writing,1008699.0
595.002260923,572,1,PLAY,Buffering-Play,0
595.003149033,572,0,PLAY,StillPlaying,1008699.0
597.738548994,574,1,PLAY,Writing,509091.0
