EpochTime,CurrentPlaybackTime,CurrentBufferSize,CurrentPlaybackState,Action,Bitrate
0,0,0,INITIAL_BUFFERING,Starting,0
0,0,0,INITIAL_BUFFERING,Starting,0
0.000675916671753,0,1,INITIAL_BUFFERING,Writing,45226
0.00551891326904,0,1,PLAY,InitialBuffering-Play,0
0.00707507133484,0,0,PLAY,StillPlaying,45226
0.0940809249878,0,1,PLAY,Writing,45226
0.153687000275,0,2,PLAY,Writing,45226
0.370322942734,0,3,PLAY,Writing,88783
0.535936117172,0,4,PLAY,Writing,88783
0.702848911285,0,5,PLAY,Writing,88783
0.848681926727,0,6,PLAY,Writing,88783
1.01919913292,1,7,PLAY,Writing,88783
1.19929814339,1,8,PLAY,Writing,88783
1.37502002716,1,9,PLAY,Writing,88783
1.5734910965,1,10,PLAY,Writing,88783
1.85610699654,1,11,PLAY,Writing,128503
2.14615392685,2,12,PLAY,Writing,128503
2.43866491318,2,13,PLAY,Writing,128503
2.80177998543,2,14,PLAY,Writing,177437
3.08949494362,3,15,PLAY,Writing,177437
3.46056699753,3,16,PLAY,Writing,217761
3.83724403381,3,17,PLAY,Writing,217761
4.01064801216,4,16,PLAY,StillPlaying,45226
4.20697999001,4,17,PLAY,Writing,217761
4.55345010757,4,18,PLAY,Writing,217761
5.04409503937,5,19,PLAY,Writing,255865
5.52917695045,5,20,PLAY,Writing,255865
5.87868404388,5,21,PLAY,Writing,323047
6.26056194305,6,22,PLAY,Writing,323047
6.51214313507,6,23,PLAY,Writing,323047
6.81600999832,6,24,PLAY,Writing,378355
7.20602893829,7,25,PLAY,Writing,378355
8.01169109344,8,24,PLAY,StillPlaying,45226
8.1865041256,8,25,PLAY,Writing,509091
8.9285030365,8,26,PLAY,Writing,509091
9.78967213631,9,27,PLAY,Writing,509091
10.6428029537,10,28,PLAY,Writing,509091
11.6701581478,11,29,PLAY,Writing,577751
12.0107750893,12,28,PLAY,StillPlaying,88783
12.754087925,12,29,PLAY,Writing,577751
14.0222640038,14,30,PLAY,Writing,577751
15.4686980247,15,31,PLAY,Writing,782553
16.0107190609,16,30,PLAY,StillPlaying,88783
17.0801539421,17,31,PLAY,Writing,782553
19.1812999249,19,32,PLAY,Writing,782553
20.0112681389,20,31,PLAY,StillPlaying,88783
22.7557449341,22,32,PLAY,Writing,782553
23.7745461464,23,33,PLAY,Writing,782553
24.010668993,24,32,PLAY,StillPlaying,88783
24.6452810764,24,33,PLAY,Writing,1008699
28.0108659267,28,32,PLAY,StillPlaying,88783
28.6323649883,28,33,PLAY,Writing,1008699
29.7085530758,29,34,PLAY,Writing,1008699
30.2798550129,30,35,PLAY,Writing,1008699
30.8576340675,30,36,PLAY,Writing,1207152
31.3911681175,31,37,PLAY,Writing,1207152
32.0109200478,32,36,PLAY,StillPlaying,88783
32.1988930702,32,37,PLAY,Writing,1207152
33.0958840847,33,38,PLAY,Writing,1207152
34.1985709667,34,39,PLAY,Writing,1473801
34.7273991108,34,40,PLAY,Writing,1473801
36.0110111237,36,39,PLAY,StillPlaying,88783
36.291629076,36,40,PLAY,Writing,2087347
37.3733029366,37,41,PLAY,Writing,2087347
38.537694931,38,42,PLAY,Writing,2087347
39.983864069,39,43,PLAY,Writing,2087347
40.0108659267,40,42,PLAY,StillPlaying,88783
43.2858450413,43,43,PLAY,Writing,2409742
44.0109059811,44,42,PLAY,StillPlaying,128503
48.0108299255,48,41,PLAY,StillPlaying,128503
48.6337509155,48,42,PLAY,Writing,2409742
51.1374740601,51,43,PLAY,Writing,2087347
52.0109879971,52,42,PLAY,StillPlaying,128503
52.8051741123,52,43,PLAY,Writing,2409742
55.0266690254,55,44,PLAY,Writing,2409742
56.0112650394,56,43,PLAY,StillPlaying,177437
57.1353340149,57,44,PLAY,Writing,2409742
58.8676900864,58,45,PLAY,Writing,2409742
60.0108189583,60,44,PLAY,StillPlaying,177437
60.5658280849,60,45,PLAY,Writing,2944291
63.3803839684,63,46,PLAY,Writing,2944291
64.0107901096,64,45,PLAY,StillPlaying,217761
66.6624889374,66,46,PLAY,Writing,2944291
68.0108249187,68,45,PLAY,StillPlaying,217761
69.1765401363,69,46,PLAY,Writing,2944291
71.9909241199,71,47,PLAY,Writing,2944291
72.0109059811,72,46,PLAY,StillPlaying,217761
74.4458260536,74,47,PLAY,Writing,2944291
76.0115039349,76,46,PLAY,StillPlaying,217761
76.7188980579,76,47,PLAY,Writing,2944291
79.2030980587,79,48,PLAY,Writing,2944291
80.0106639862,80,47,PLAY,StillPlaying,255865
82.8238101006,82,48,PLAY,Writing,3340509
84.0109829903,84,47,PLAY,StillPlaying,255865
86.8461539745,86,48,PLAY,Writing,3340509
88.0115120411,88,47,PLAY,StillPlaying,323047
90.1959581375,90,48,PLAY,Writing,3340509
92.0110080242,92,47,PLAY,StillPlaying,323047
94.655919075,94,48,PLAY,Writing,3340509
96.0108220577,96,47,PLAY,StillPlaying,323047
97.1911299229,97,48,PLAY,Writing,3340509
98.8501410484,98,49,PLAY,Writing,3340509
100.011038065,100,48,PLAY,StillPlaying,378355
102.34078908,102,49,PLAY,Writing,3340509
104.010970116,104,48,PLAY,StillPlaying,378355
104.651277065,104,49,PLAY,Writing,3340509
108.011115074,108,48,PLAY,StillPlaying,509091
108.036941051,108,49,PLAY,Writing,3340509
111.702382088,111,50,PLAY,Writing,3340509
112.010671139,112,49,PLAY,StillPlaying,509091
115.012526035,115,50,PLAY,Writing,3613836
116.010885,116,49,PLAY,StillPlaying,509091
119.533041,119,50,PLAY,Writing,3613836
120.010800123,120,49,PLAY,StillPlaying,509091
124.011306047,124,48,PLAY,StillPlaying,577751
124.564676046,124,49,PLAY,Writing,3613836
128.011286974,128,48,PLAY,StillPlaying,577751
132.011323929,132,47,PLAY,StillPlaying,577751
136.011033058,136,46,PLAY,StillPlaying,782553
140.010823965,140,45,PLAY,StillPlaying,782553
144.026525021,144,44,PLAY,StillPlaying,782553
146.083894968,146,45,PLAY,Writing,3340509
148.010785103,148,44,PLAY,StillPlaying,782553
152.010867119,152,43,PLAY,StillPlaying,782553
156.010844946,156,42,PLAY,StillPlaying,1008699
160.010896921,160,41,PLAY,StillPlaying,1008699
164.011260986,164,40,PLAY,StillPlaying,1008699
168.010813951,168,39,PLAY,StillPlaying,1008699
170.902647018,170,40,PLAY,Writing,2944291
172.010792971,172,39,PLAY,StillPlaying,1207152
176.010883093,176,38,PLAY,StillPlaying,1207152
180.011270046,180,37,PLAY,StillPlaying,1207152
184.010862112,184,36,PLAY,StillPlaying,1207152
188.010859966,188,35,PLAY,StillPlaying,1473801
191.736546993,191,36,PLAY,Writing,2087347
192.010759115,192,35,PLAY,StillPlaying,1473801
196.010852098,196,34,PLAY,StillPlaying,2087347
200.011381149,200,33,PLAY,StillPlaying,2087347
204.010833025,204,32,PLAY,StillPlaying,2087347
208.010821104,208,31,PLAY,StillPlaying,2087347
209.990952969,209,32,PLAY,Writing,1207152
212.01125598,212,31,PLAY,StillPlaying,2409742
212.428679943,212,32,PLAY,Writing,782553
215.71398592,215,33,PLAY,Writing,782553
216.010667086,216,32,PLAY,StillPlaying,2409742
218.239653111,218,33,PLAY,Writing,1008699
220.01079607,220,32,PLAY,StillPlaying,2087347
224.011323929,224,31,PLAY,StillPlaying,2409742
228.010853052,228,30,PLAY,StillPlaying,2409742
229.370229959,229,31,PLAY,Writing,1008699
232.010854006,232,30,PLAY,StillPlaying,2409742
236.011279106,236,29,PLAY,StillPlaying,2409742
239.965852022,239,30,PLAY,Writing,782553
240.010975122,240,29,PLAY,StillPlaying,2944291
244.011321068,244,28,PLAY,StillPlaying,2944291
248.010898113,248,27,PLAY,StillPlaying,2944291
250.821051121,250,28,PLAY,Writing,782553
252.010766983,252,27,PLAY,StillPlaying,2944291
256.011276007,256,26,PLAY,StillPlaying,2944291
257.714684963,257,27,PLAY,Writing,577751
260.010828972,260,26,PLAY,StillPlaying,2944291
264.010808945,264,25,PLAY,StillPlaying,2944291
266.622756004,266,26,PLAY,Writing,509091
268.010878086,268,25,PLAY,StillPlaying,2944291
272.011285067,272,24,PLAY,StillPlaying,3340509
273.755296946,273,25,PLAY,Writing,509091
276.011302948,276,24,PLAY,StillPlaying,3340509
278.655121088,278,25,PLAY,Writing,509091
280.010774136,280,24,PLAY,StillPlaying,3340509
281.965177059,281,25,PLAY,Writing,509091
284.010833979,284,24,PLAY,StillPlaying,3340509
285.477193117,285,25,PLAY,Writing,509091
287.068576097,287,26,PLAY,Writing,509091
288.010786057,288,25,PLAY,StillPlaying,3340509
290.909412146,290,26,PLAY,Writing,509091
292.011317015,292,25,PLAY,StillPlaying,3340509
293.094717026,293,26,PLAY,Writing,509091
295.852833986,295,27,PLAY,Writing,509091
296.039039135,296,26,PLAY,StillPlaying,3340509
297.639774084,297,27,PLAY,Writing,509091
298.988832951,298,28,PLAY,Writing,509091
300.01099205,300,27,PLAY,StillPlaying,3340509
300.381211996,300,28,PLAY,Writing,577751
301.927551031,301,29,PLAY,Writing,577751
303.120130062,303,30,PLAY,Writing,577751
304.010823011,304,29,PLAY,StillPlaying,3340509
304.371371031,304,30,PLAY,Writing,782553
305.87609911,305,31,PLAY,Writing,782553
307.114099979,307,32,PLAY,Writing,782553
308.011152029,308,31,PLAY,StillPlaying,3340509
308.18660903,308,32,PLAY,Writing,782553
309.141682148,309,33,PLAY,Writing,782553
310.191138983,310,34,PLAY,Writing,1008699
311.25259304,311,35,PLAY,Writing,1008699
312.011260986,312,34,PLAY,StillPlaying,3613836
312.200297117,312,35,PLAY,Writing,1207152
313.043591022,313,36,PLAY,Writing,1207152
314.433466911,314,37,PLAY,Writing,1207152
315.452147007,315,38,PLAY,Writing,1207152
316.010756016,316,37,PLAY,StillPlaying,3613836
317.18382597,317,38,PLAY,Writing,1473801
319.22280407,319,39,PLAY,Writing,1473801
320.010761976,320,38,PLAY,StillPlaying,3613836
320.304718018,320,39,PLAY,Writing,1473801
321.759119987,321,40,PLAY,Writing,1473801
323.217658997,323,41,PLAY,Writing,2087347
324.010837078,324,40,PLAY,StillPlaying,3340509
324.806236029,324,41,PLAY,Writing,2087347
326.273635149,326,42,PLAY,Writing,2087347
327.665523052,327,43,PLAY,Writing,2087347
328.011125088,328,42,PLAY,StillPlaying,2944291
330.490581036,330,43,PLAY,Writing,2409742
332.011362076,332,42,PLAY,StillPlaying,2087347
334.635504961,334,43,PLAY,Writing,2409742
336.010823965,336,42,PLAY,StillPlaying,1207152
338.653938055,338,43,PLAY,Writing,2409742
340.010815144,340,42,PLAY,StillPlaying,782553
344.010837078,344,41,PLAY,StillPlaying,782553
346.799122095,346,42,PLAY,Writing,2409742
348.011007071,348,41,PLAY,StillPlaying,1008699
352.011237144,352,40,PLAY,StillPlaying,1008699
353.086010933,353,41,PLAY,Writing,2087347
356.010831118,356,40,PLAY,StillPlaying,782553
357.915493965,357,41,PLAY,Writing,2087347
360.010848999,360,40,PLAY,StillPlaying,782553
360.516096115,360,41,PLAY,Writing,2087347
362.768599033,362,42,PLAY,Writing,2087347
364.011004925,364,41,PLAY,StillPlaying,577751
365.21510005,365,42,PLAY,Writing,2087347
367.625231981,367,43,PLAY,Writing,2087347
368.010671139,368,42,PLAY,StillPlaying,509091
372.010864973,372,41,PLAY,StillPlaying,509091
372.958954096,372,42,PLAY,Writing,2409742
374.665135145,374,43,PLAY,Writing,2087347
376.010848999,376,42,PLAY,StillPlaying,509091
376.542519093,376,43,PLAY,Writing,2409742
378.41515708,378,44,PLAY,Writing,2409742
380.010844946,380,43,PLAY,StillPlaying,509091
380.189772129,380,44,PLAY,Writing,2409742
384.010831118,384,43,PLAY,StillPlaying,509091
384.384067059,384,44,PLAY,Writing,2409742
388.010854959,388,43,PLAY,StillPlaying,509091
389.259477139,389,44,PLAY,Writing,2409742
392.011196136,392,43,PLAY,StillPlaying,509091
396.010802984,396,42,PLAY,StillPlaying,509091
400.011415005,400,41,PLAY,StillPlaying,509091
404.011253119,404,40,PLAY,StillPlaying,509091
408.011263132,408,39,PLAY,StillPlaying,509091
409.602632046,409,40,PLAY,Writing,2409742
412.010842085,412,39,PLAY,StillPlaying,577751
416.010942936,416,38,PLAY,StillPlaying,577751
419.678769112,419,39,PLAY,Writing,2087347
420.011083126,420,38,PLAY,StillPlaying,577751
421.904439926,421,39,PLAY,Writing,1473801
423.188470125,423,40,PLAY,Writing,1473801
424.010764122,424,39,PLAY,StillPlaying,782553
424.144309044,424,40,PLAY,Writing,2087347
424.960359097,424,41,PLAY,Writing,2087347
426.491779089,426,42,PLAY,Writing,2087347
428.011671066,428,41,PLAY,StillPlaying,782553
428.032202959,428,42,PLAY,Writing,2087347
432.010914087,432,41,PLAY,StillPlaying,782553
436.011357069,436,40,PLAY,StillPlaying,782553
440.011373043,440,39,PLAY,StillPlaying,782553
444.010905981,444,38,PLAY,StillPlaying,1008699
448.010924101,448,37,PLAY,StillPlaying,1008699
452.011349916,452,36,PLAY,StillPlaying,1207152
456.0108881,456,35,PLAY,StillPlaying,1207152
460.010878086,460,34,PLAY,StillPlaying,1207152
464.011368036,464,33,PLAY,StillPlaying,1207152
468.010896921,468,32,PLAY,StillPlaying,1473801
472.010905027,472,31,PLAY,StillPlaying,1473801
476.011372089,476,30,PLAY,StillPlaying,1473801
480.010864973,480,29,PLAY,StillPlaying,1473801
484.010905027,484,28,PLAY,StillPlaying,2087347
488.011367083,488,27,PLAY,StillPlaying,2087347
492.010885,492,26,PLAY,StillPlaying,2087347
496.010905981,496,25,PLAY,StillPlaying,2087347
500.01135397,500,24,PLAY,StillPlaying,2409742
504.011214972,504,23,PLAY,StillPlaying,2409742
508.010872126,508,22,PLAY,StillPlaying,2409742
512.010868073,512,21,PLAY,StillPlaying,2409742
516.010905981,516,20,PLAY,StillPlaying,2087347
520.011327982,520,19,PLAY,StillPlaying,2087347
524.010910034,524,18,PLAY,StillPlaying,2087347
528.011389971,528,17,PLAY,StillPlaying,2087347
532.010882139,532,16,PLAY,StillPlaying,2087347
536.010896921,536,15,PLAY,StillPlaying,2087347
540.010909081,540,14,PLAY,StillPlaying,2409742
544.010911942,544,13,PLAY,StillPlaying,2087347
548.010884047,548,12,PLAY,StillPlaying,2409742
552.011349916,552,11,PLAY,StillPlaying,2409742
556.010889053,556,10,PLAY,StillPlaying,2409742
560.010911942,560,9,PLAY,StillPlaying,2409742
564.011384964,564,8,PLAY,StillPlaying,2409742
568.010873079,568,7,PLAY,StillPlaying,2409742
572.011358023,572,6,PLAY,StillPlaying,2087347
576.010873079,576,5,PLAY,StillPlaying,1473801
580.01139307,580,4,PLAY,StillPlaying,1473801
584.011264086,584,3,PLAY,StillPlaying,2087347
588.010920048,588,2,PLAY,StillPlaying,2087347
592.010870934,592,1,PLAY,StillPlaying,2087347
596.010900974,596,0,PLAY,StillPlaying,2087347
597.024677038,597,0,END,TheEnd,0
