EpochTime,CurrentPlaybackTime,CurrentBufferSize,CurrentPlaybackState,Action,Bitrate
0,0,0,INITIAL_BUFFERING,Starting,0
0,0,0,INITIAL_BUFFERING,Starting,0
0.000677108764648,0,1,INITIAL_BUFFERING,Writing,45226
0.0056779384613,0,1,PLAY,InitialBuffering-Play,0
0.00730609893799,0,0,PLAY,StillPlaying,45226
0.06232213974,0,1,PLAY,Writing,45226
0.173658132553,0,2,PLAY,Writing,45226
0.364854097366,0,3,PLAY,Writing,88783
0.629097938538,0,4,PLAY,Writing,128503
0.952590942383,0,5,PLAY,Writing,177437
1.29469203949,1,6,PLAY,Writing,217761
1.84145092964,1,7,PLAY,Writing,255865
4.01068091393,4,6,PLAY,StillPlaying,45226
4.58327412605,4,7,PLAY,Writing,1207152
6.64432692528,6,8,PLAY,Writing,1207152
8.01045107841,8,7,PLAY,StillPlaying,45226
9.82707810402,9,8,PLAY,Writing,1473801
12.0107541084,12,7,PLAY,StillPlaying,88783
12.2266769409,12,8,PLAY,Writing,1207152
16.0099999905,16,7,PLAY,StillPlaying,128503
20.0099611282,20,6,PLAY,StillPlaying,177437
22.9440670013,22,7,PLAY,Writing,3936261
24.0099229813,24,6,PLAY,StillPlaying,217761
24.8577620983,24,7,PLAY,Writing,1473801
28.0100579262,28,6,PLAY,StillPlaying,255865
30.0175220966,30,7,PLAY,Writing,1473801
30.4368219376,30,8,PLAY,Writing,1473801
31.0155339241,31,9,PLAY,Writing,1473801
31.8397879601,31,10,PLAY,Writing,1207152
32.0102350712,32,9,PLAY,StillPlaying,1207152
32.6143569946,32,10,PLAY,Writing,1473801
34.9169549942,34,11,PLAY,Writing,3936261
36.0099201202,36,10,PLAY,StillPlaying,1207152
40.0099899769,40,9,PLAY,StillPlaying,1473801
40.9043741226,40,10,PLAY,Writing,3936261
44.010488987,44,9,PLAY,StillPlaying,1207152
45.4750170708,45,10,PLAY,Writing,3936261
48.0099220276,48,9,PLAY,StillPlaying,3936261
48.3254609108,48,10,PLAY,Writing,3936261
51.0990140438,51,11,PLAY,Writing,3936261
52.0098969936,52,10,PLAY,StillPlaying,1473801
52.3638970852,52,11,PLAY,Writing,3936261
54.0708720684,54,12,PLAY,Writing,3936261
56.0099539757,56,11,PLAY,StillPlaying,1473801
60.0100119114,60,10,PLAY,StillPlaying,1473801
64.0099730492,64,9,PLAY,StillPlaying,1473801
64.3283989429,64,10,PLAY,Writing,3936261
66.0039770603,65,11,PLAY,Writing,2409742
67.5462770462,67,12,PLAY,Writing,3936261
68.0099380016,68,11,PLAY,StillPlaying,1207152
72.0105490685,72,10,PLAY,StillPlaying,1473801
76.0103449821,76,9,PLAY,StillPlaying,3936261
78.4900569916,78,10,PLAY,Writing,3936261
80.0099461079,80,9,PLAY,StillPlaying,3936261
83.2760801315,83,10,PLAY,Writing,3936261
84.0099189281,84,9,PLAY,StillPlaying,3936261
86.7559099197,86,10,PLAY,Writing,3936261
88.0099849701,88,9,PLAY,StillPlaying,3936261
89.2478671074,89,10,PLAY,Writing,3936261
92.0104160309,92,9,PLAY,StillPlaying,3936261
92.3855519295,92,10,PLAY,Writing,3936261
95.6718831062,95,11,PLAY,Writing,3936261
96.0098159313,96,10,PLAY,StillPlaying,3936261
98.5304620266,98,11,PLAY,Writing,3936261
100.009978056,100,10,PLAY,StillPlaying,3936261
101.909292936,101,11,PLAY,Writing,3936261
104.009958982,104,10,PLAY,StillPlaying,3936261
104.753392935,104,11,PLAY,Writing,3936261
107.461033106,107,12,PLAY,Writing,3936261
108.009917974,108,11,PLAY,StillPlaying,2409742
112.010041952,112,10,PLAY,StillPlaying,3936261
116.010663033,116,9,PLAY,StillPlaying,3936261
118.20059514,118,10,PLAY,Writing,3936261
119.682443142,119,11,PLAY,Writing,3936261
120.01039505,120,10,PLAY,StillPlaying,3936261
123.852013111,123,11,PLAY,Writing,3936261
124.009820938,124,10,PLAY,StillPlaying,3936261
128.009978056,128,9,PLAY,StillPlaying,3936261
132.010421038,132,8,PLAY,StillPlaying,3936261
136.00997591,136,7,PLAY,StillPlaying,3936261
137.843675137,137,8,PLAY,Writing,3936261
140.00999403,140,7,PLAY,StillPlaying,3936261
143.171168089,143,8,PLAY,Writing,1473801
144.009963036,144,7,PLAY,StillPlaying,3936261
148.010303974,148,6,PLAY,StillPlaying,3936261
148.406492949,148,7,PLAY,Writing,1207152
152.009936094,152,6,PLAY,StillPlaying,3936261
156.009935141,156,5,PLAY,StillPlaying,3936261
160.010040998,160,4,PLAY,StillPlaying,3936261
160.110638142,160,5,PLAY,Writing,1473801
162.452594042,162,6,PLAY,Writing,378355
164.010019064,164,5,PLAY,StillPlaying,3936261
165.211905003,165,6,PLAY,Writing,509091
166.743387938,166,7,PLAY,Writing,378355
168.010435104,168,6,PLAY,StillPlaying,3936261
171.439474106,171,7,PLAY,Writing,509091
172.009880066,172,6,PLAY,StillPlaying,1473801
173.135221958,173,7,PLAY,Writing,323047
175.746428013,175,8,PLAY,Writing,323047
176.010384083,176,7,PLAY,StillPlaying,1207152
178.25719595,178,8,PLAY,Writing,378355
180.010437965,180,7,PLAY,StillPlaying,1473801
182.43437314,182,8,PLAY,Writing,577751
184.009977102,184,7,PLAY,StillPlaying,378355
188.010345936,188,6,PLAY,StillPlaying,509091
189.279932976,189,7,PLAY,Writing,509091
192.009999037,192,6,PLAY,StillPlaying,378355
194.541372061,194,7,PLAY,Writing,378355
196.009987116,196,6,PLAY,StillPlaying,509091
197.935996056,197,7,PLAY,Writing,378355
200.009930134,200,6,PLAY,StillPlaying,323047
202.203484058,202,7,PLAY,Writing,378355
204.009963036,204,6,PLAY,StillPlaying,323047
206.101201057,206,7,PLAY,Writing,255865
208.010455132,208,6,PLAY,StillPlaying,378355
209.629900932,209,7,PLAY,Writing,217761
210.25582099,210,8,PLAY,Writing,217761
211.860204935,211,9,PLAY,Writing,255865
212.010334015,212,8,PLAY,StillPlaying,577751
213.985028982,213,9,PLAY,Writing,378355
215.370465994,215,10,PLAY,Writing,378355
216.009917974,216,9,PLAY,StillPlaying,509091
216.907994032,216,10,PLAY,Writing,577751
218.457135916,218,11,PLAY,Writing,782553
220.010447979,220,10,PLAY,StillPlaying,378355
224.010282993,224,9,PLAY,StillPlaying,378355
228.009941101,228,8,PLAY,StillPlaying,378355
229.558517933,229,9,PLAY,Writing,1207152
232.009971142,232,8,PLAY,StillPlaying,255865
235.181591988,235,9,PLAY,Writing,577751
236.010347128,236,8,PLAY,StillPlaying,217761
240.009989023,240,7,PLAY,StillPlaying,217761
244.009944916,244,6,PLAY,StillPlaying,255865
245.67117691,245,7,PLAY,Writing,577751
248.009990931,248,6,PLAY,StillPlaying,378355
250.432261944,250,7,PLAY,Writing,378355
252.009953022,252,6,PLAY,StillPlaying,378355
256.009993076,256,5,PLAY,StillPlaying,577751
256.137659073,256,6,PLAY,Writing,378355
258.718302011,258,7,PLAY,Writing,217761
260.010420084,260,6,PLAY,StillPlaying,782553
263.467148066,263,7,PLAY,Writing,255865
264.009820938,264,6,PLAY,StillPlaying,1207152
265.79875803,265,7,PLAY,Writing,255865
266.591206074,266,8,PLAY,Writing,177437
267.289437056,267,9,PLAY,Writing,255865
268.009896994,268,8,PLAY,StillPlaying,577751
272.010255098,272,7,PLAY,StillPlaying,577751
272.535282135,272,8,PLAY,Writing,255865
276.00999999,276,7,PLAY,StillPlaying,378355
276.903558016,276,8,PLAY,Writing,217761
278.262785912,278,9,PLAY,Writing,217761
280.010385036,280,8,PLAY,StillPlaying,378355
280.709018946,280,9,PLAY,Writing,255865
281.876442909,281,10,PLAY,Writing,255865
284.00998497,284,9,PLAY,StillPlaying,217761
284.437436104,284,10,PLAY,Writing,323047
287.592263937,287,11,PLAY,Writing,509091
288.009835958,288,10,PLAY,StillPlaying,255865
292.009936094,292,9,PLAY,StillPlaying,255865
292.626363993,292,10,PLAY,Writing,577751
295.697171926,295,11,PLAY,Writing,509091
296.009831905,296,10,PLAY,StillPlaying,177437
297.358376026,297,11,PLAY,Writing,577751
299.150268078,299,12,PLAY,Writing,577751
300.009876966,300,11,PLAY,StillPlaying,255865
304.010025024,304,10,PLAY,StillPlaying,255865
308.009936094,308,9,PLAY,StillPlaying,217761
312.009962082,312,8,PLAY,StillPlaying,217761
315.274254084,315,9,PLAY,Writing,3936261
316.010411978,316,8,PLAY,StillPlaying,255865
317.020802021,317,9,PLAY,Writing,1473801
318.463419914,318,10,PLAY,Writing,1207152
320.009998083,320,9,PLAY,StillPlaying,255865
321.72855711,321,10,PLAY,Writing,2409742
324.009958029,324,9,PLAY,StillPlaying,323047
326.655313015,326,10,PLAY,Writing,3936261
328.010690928,328,9,PLAY,StillPlaying,509091
332.009936094,332,8,PLAY,StillPlaying,577751
336.009958982,336,7,PLAY,StillPlaying,509091
336.482753992,336,8,PLAY,Writing,3936261
340.009977102,340,7,PLAY,StillPlaying,577751
344.009961128,344,6,PLAY,StillPlaying,577751
348.010011911,348,5,PLAY,StillPlaying,3936261
349.901785135,349,6,PLAY,Writing,3936261
352.010399103,352,5,PLAY,StillPlaying,1473801
356.009972095,356,4,PLAY,StillPlaying,1207152
357.460011959,357,5,PLAY,Writing,3936261
358.817933083,358,6,PLAY,Writing,1473801
360.009943008,360,5,PLAY,StillPlaying,2409742
360.096060991,360,6,PLAY,Writing,1473801
360.806565046,360,7,PLAY,Writing,1473801
362.786721945,362,8,PLAY,Writing,3936261
363.92425108,363,9,PLAY,Writing,1473801
364.010818005,364,8,PLAY,StillPlaying,3936261
365.882303953,365,9,PLAY,Writing,2409742
368.010421991,368,8,PLAY,StillPlaying,3936261
368.347296,368,9,PLAY,Writing,3936261
372.009962082,372,8,PLAY,StillPlaying,3936261
372.811617136,372,9,PLAY,Writing,3936261
374.500184059,374,10,PLAY,Writing,2409742
376.010143042,376,9,PLAY,StillPlaying,3936261
376.551177025,376,10,PLAY,Writing,3340509
378.041332006,378,11,PLAY,Writing,3613836
380.009963036,380,10,PLAY,StillPlaying,1473801
384.010421991,384,9,PLAY,StillPlaying,1473801
384.01871109,384,10,PLAY,Writing,3613836
388.009935141,388,9,PLAY,StillPlaying,1473801
392.009951115,392,8,PLAY,StillPlaying,3936261
396.010457993,396,7,PLAY,StillPlaying,1473801
400.009959936,400,6,PLAY,StillPlaying,2409742
404.009997129,404,5,PLAY,StillPlaying,3936261
405.138844013,405,6,PLAY,Writing,3936261
408.009985924,408,5,PLAY,StillPlaying,3936261
412.010468006,412,4,PLAY,StillPlaying,2409742
415.76551199,415,5,PLAY,Writing,1473801
416.010293007,416,4,PLAY,StillPlaying,3340509
419.193413019,419,5,PLAY,Writing,1008699
420.009897947,420,4,PLAY,StillPlaying,3613836
421.322170019,421,5,PLAY,Writing,1207152
422.453025103,422,6,PLAY,Writing,1008699
423.186404943,423,7,PLAY,Writing,782553
423.940414906,423,8,PLAY,Writing,1008699
424.009721041,424,7,PLAY,StillPlaying,3613836
424.60047698,424,8,PLAY,Writing,1008699
426.030184031,426,9,PLAY,Writing,1473801
428.010169983,428,8,PLAY,StillPlaying,3936261
429.949280024,429,9,PLAY,Writing,3936261
432.009964943,432,8,PLAY,StillPlaying,1473801
436.009984016,436,7,PLAY,StillPlaying,1008699
436.936144114,436,8,PLAY,Writing,3936261
440.009974957,440,7,PLAY,StillPlaying,1207152
444.010457993,444,6,PLAY,StillPlaying,1008699
447.631683111,447,7,PLAY,Writing,3936261
448.010523081,448,6,PLAY,StillPlaying,782553
451.65199399,451,7,PLAY,Writing,3936261
452.010261059,452,6,PLAY,StillPlaying,1008699
455.23071909,455,7,PLAY,Writing,2944291
456.009916067,456,6,PLAY,StillPlaying,1008699
458.424890995,458,7,PLAY,Writing,2944291
459.583925009,459,8,PLAY,Writing,1473801
460.009804964,460,7,PLAY,StillPlaying,1473801
460.82746911,460,8,PLAY,Writing,1473801
461.883422136,461,9,PLAY,Writing,1207152
463.295004129,463,10,PLAY,Writing,1473801
464.009900093,464,9,PLAY,StillPlaying,3936261
466.604850054,466,10,PLAY,Writing,2409742
468.010448933,468,9,PLAY,StillPlaying,3936261
471.18434906,471,10,PLAY,Writing,2409742
472.009938002,472,9,PLAY,StillPlaying,3936261
473.895827055,473,10,PLAY,Writing,2409742
476.010486126,476,9,PLAY,StillPlaying,3936261
477.482763052,477,10,PLAY,Writing,2944291
480.009978056,480,9,PLAY,StillPlaying,2944291
481.315315962,481,10,PLAY,Writing,2944291
484.010390997,484,9,PLAY,StillPlaying,2944291
485.867793083,485,10,PLAY,Writing,2944291
488.010760069,488,9,PLAY,StillPlaying,1473801
489.727745056,489,10,PLAY,Writing,2944291
492.010416031,492,9,PLAY,StillPlaying,1473801
495.107031107,495,10,PLAY,Writing,2944291
496.009943962,496,9,PLAY,StillPlaying,1207152
500.009968042,500,8,PLAY,StillPlaying,1473801
502.864715099,502,9,PLAY,Writing,2944291
504.010453939,504,8,PLAY,StillPlaying,2409742
508.009972095,508,7,PLAY,StillPlaying,2409742
508.25976491,508,8,PLAY,Writing,2409742
512.009958029,512,7,PLAY,StillPlaying,2409742
513.084348917,513,8,PLAY,Writing,2087347
516.009982109,516,7,PLAY,StillPlaying,2944291
517.582047939,517,8,PLAY,Writing,1473801
518.984014988,518,9,PLAY,Writing,1207152
520.010349989,520,8,PLAY,StillPlaying,2944291
520.856930971,520,9,PLAY,Writing,1473801
522.661108017,522,10,PLAY,Writing,1473801
524.009968042,524,9,PLAY,StillPlaying,2944291
528.009963036,528,8,PLAY,StillPlaying,2944291
528.873263121,528,9,PLAY,Writing,3936261
532.010054111,532,8,PLAY,StillPlaying,2944291
533.847018957,533,9,PLAY,Writing,3936261
536.009993076,536,8,PLAY,StillPlaying,2944291
537.854223967,537,9,PLAY,Writing,3936261
540.009963036,540,8,PLAY,StillPlaying,2409742
541.887804031,541,9,PLAY,Writing,3936261
544.009963989,544,8,PLAY,StillPlaying,2087347
548.010426044,548,7,PLAY,StillPlaying,1473801
552.010451078,552,6,PLAY,StillPlaying,1207152
552.73438406,552,7,PLAY,Writing,3936261
556.010445118,556,6,PLAY,StillPlaying,1473801
560.009979963,560,5,PLAY,StillPlaying,1473801
560.398292065,560,6,PLAY,Writing,3936261
564.010354996,564,5,PLAY,StillPlaying,3936261
568.010293961,568,4,PLAY,StillPlaying,3936261
572.009974003,572,3,PLAY,StillPlaying,3936261
576.010486126,576,2,PLAY,StillPlaying,3936261
578.138262987,578,3,PLAY,Writing,3936261
580.009982109,580,2,PLAY,StillPlaying,3936261
584.009968042,584,1,PLAY,StillPlaying,3936261
588.009974003,588,0,PLAY,StillPlaying,3936261
591.542253017,591,1,PLAY,Writing,3936261
592.009864092,592,0,PLAY,StillPlaying,3936261
596.010441065,596,0,BUFFERING,Play-Buffering,0
