EpochTime,CurrentPlaybackTime,CurrentBufferSize,CurrentPlaybackState,Action,Bitrate
0,0,0,INITIAL_BUFFERING,Starting,0
0,0,0,INITIAL_BUFFERING,Starting,0
0.00058388710022,0,1,INITIAL_BUFFERING,Writing,45226
0.00530982017517,0,1,PLAY,InitialBuffering-Play,0
0.0072009563446,0,0,PLAY,StillPlaying,45226
0.349858999252,0,1,PLAY,Writing,88783.0
0.930668830872,0,2,PLAY,Writing,128503.0
1.77902793884,1,3,PLAY,Writing,177437.0
2.78272390366,2,4,PLAY,Writing,217761.0
3.70678091049,3,5,PLAY,Writing,255865.0
4.00836491585,4,4,PLAY,StillPlaying,88783.0
4.60187101364,4,5,PLAY,Writing,323047.0
6.63911890984,6,6,PLAY,Writing,378355.0
8.00887799263,8,5,PLAY,StillPlaying,128503.0
9.04211592674,9,6,PLAY,Writing,509091.0
11.6673150063,11,7,PLAY,Writing,577751.0
12.0087659359,12,6,PLAY,StillPlaying,177437.0
15.2210679054,15,7,PLAY,Writing,782553.0
16.0087268353,16,6,PLAY,StillPlaying,217761.0
20.0088748932,20,5,PLAY,StillPlaying,255865.0
20.0778698921,20,6,PLAY,Writing,1008699.0
23.8099339008,23,7,PLAY,Writing,782553.0
24.0083827972,24,6,PLAY,StillPlaying,323047.0
28.0087490082,28,5,PLAY,StillPlaying,378355.0
28.6355559826,28,6,PLAY,Writing,1008699.0
32.0088298321,32,5,PLAY,StillPlaying,509091.0
32.2891588211,32,6,PLAY,Writing,782553.0
34.9194278717,34,7,PLAY,Writing,1008699.0
36.0084059238,36,6,PLAY,StillPlaying,577751.0
37.8399958611,37,7,PLAY,Writing,782553.0
40.0086658001,40,6,PLAY,StillPlaying,782553.0
42.4611608982,42,7,PLAY,Writing,1008699.0
44.0088670254,44,6,PLAY,StillPlaying,1008699.0
45.592361927,45,7,PLAY,Writing,782553.0
48.0085389614,48,6,PLAY,StillPlaying,782553.0
49.6647248268,49,7,PLAY,Writing,1008699.0
52.0091400146,52,6,PLAY,StillPlaying,1008699.0
53.548915863,53,7,PLAY,Writing,782553.0
56.0088729858,56,6,PLAY,StillPlaying,782553.0
58.2749919891,58,7,PLAY,Writing,1008699.0
60.0085628033,60,6,PLAY,StillPlaying,1008699.0
61.1040849686,61,7,PLAY,Writing,782553.0
64.0085299015,64,6,PLAY,StillPlaying,782553.0
64.2594189644,64,7,PLAY,Writing,1008699.0
66.8958268166,66,8,PLAY,Writing,782553.0
68.008754015,68,7,PLAY,StillPlaying,1008699.0
69.833302021,69,8,PLAY,Writing,1008699.0
72.0088620186,72,7,PLAY,StillPlaying,782553.0
72.8438048363,72,8,PLAY,Writing,782553.0
76.0085299015,76,7,PLAY,StillPlaying,1008699.0
76.874163866,76,8,PLAY,Writing,1008699.0
79.8721349239,79,9,PLAY,Writing,782553.0
80.0083680153,80,8,PLAY,StillPlaying,782553.0
84.0085268021,84,7,PLAY,StillPlaying,1008699.0
84.4556529522,84,8,PLAY,Writing,1008699.0
87.9648427963,87,9,PLAY,Writing,782553.0
88.0084078312,88,8,PLAY,StillPlaying,782553.0
92.0087649822,92,7,PLAY,StillPlaying,1008699.0
92.7693769932,92,8,PLAY,Writing,1008699.0
95.9358229637,95,9,PLAY,Writing,782553.0
96.0086858273,96,8,PLAY,StillPlaying,782553.0
100.008835793,100,7,PLAY,StillPlaying,1008699.0
100.669201851,100,8,PLAY,Writing,1008699.0
104.008538008,104,7,PLAY,StillPlaying,782553.0
104.230654955,104,8,PLAY,Writing,782553.0
108.008525848,108,7,PLAY,StillPlaying,1008699.0
109.071345806,109,8,PLAY,Writing,1008699.0
112.008525848,112,7,PLAY,StillPlaying,782553.0
112.742543936,112,8,PLAY,Writing,782553.0
116.008525848,116,7,PLAY,StillPlaying,1008699.0
116.990942955,116,8,PLAY,Writing,1008699.0
