EpochTime,CurrentPlaybackTime,CurrentBufferSize,CurrentPlaybackState,Action,Bitrate
0,0,0,INITIAL_BUFFERING,Starting,0
0,0,0,INITIAL_BUFFERING,Starting,0
0.000582933425903,0,1,INITIAL_BUFFERING,Writing,45226
0.00433492660522,0,1,PLAY,InitialBuffering-Play,0
0.00549912452698,0,0,PLAY,StillPlaying,45226
0.127248048782,0,1,PLAY,Writing,45226
0.385360002518,0,2,PLAY,Writing,45226
0.599110126495,0,3,PLAY,Writing,45226
0.783985137939,0,4,PLAY,Writing,45226
0.977229118347,0,5,PLAY,Writing,45226
1.16012501717,1,6,PLAY,Writing,45226
1.34090304375,1,7,PLAY,Writing,45226
1.57278013229,1,8,PLAY,Writing,45226
1.93897509575,1,9,PLAY,Writing,88783
2.37584209442,2,10,PLAY,Writing,88783
2.98176813126,2,11,PLAY,Writing,128503
3.58878612518,3,12,PLAY,Writing,128503
4.00814700127,4,11,PLAY,StillPlaying,45226
4.19189691544,4,12,PLAY,Writing,128503
4.77231812477,4,13,PLAY,Writing,128503
5.42302513123,5,14,PLAY,Writing,177437
6.14990401268,6,15,PLAY,Writing,177437
7.09069395065,7,16,PLAY,Writing,217761
7.9120900631,7,17,PLAY,Writing,217761
8.0084540844,8,16,PLAY,StillPlaying,45226
8.76731300354,8,17,PLAY,Writing,217761
9.7826859951,9,18,PLAY,Writing,217761
10.9979579449,10,19,PLAY,Writing,255865
11.8767330647,11,20,PLAY,Writing,255865
12.0081090927,12,19,PLAY,StillPlaying,45226
12.8881509304,12,20,PLAY,Writing,323047
13.6593909264,13,21,PLAY,Writing,323047
14.5530700684,14,22,PLAY,Writing,323047
15.6844689846,15,23,PLAY,Writing,323047
16.008177042,16,22,PLAY,StillPlaying,45226
17.0234699249,17,23,PLAY,Writing,378355
18.1582369804,18,24,PLAY,Writing,378355
19.89772892,19,25,PLAY,Writing,378355
20.0080890656,20,24,PLAY,StillPlaying,45226
22.2019450665,22,25,PLAY,Writing,509091
24.0082509518,24,24,PLAY,StillPlaying,45226
24.5157909393,24,25,PLAY,Writing,509091
26.6843221188,26,26,PLAY,Writing,509091
28.0082349777,28,25,PLAY,StillPlaying,45226
29.0166490078,29,26,PLAY,Writing,509091
31.437046051,31,27,PLAY,Writing,509091
32.008234024,32,26,PLAY,StillPlaying,45226
33.8244469166,33,27,PLAY,Writing,509091
36.0082380772,36,26,PLAY,StillPlaying,88783
36.2560679913,36,27,PLAY,Writing,509091
38.3601760864,38,28,PLAY,Writing,509091
40.0082299709,40,27,PLAY,StillPlaying,88783
40.9485349655,40,28,PLAY,Writing,577751
43.5567479134,43,29,PLAY,Writing,577751
44.0081479549,44,28,PLAY,StillPlaying,128503
45.2700889111,45,29,PLAY,Writing,577751
47.689455986,47,30,PLAY,Writing,577751
48.0081050396,48,29,PLAY,StillPlaying,128503
50.815130949,50,30,PLAY,Writing,782553
52.0084359646,52,29,PLAY,StillPlaying,128503
53.7898659706,53,30,PLAY,Writing,782553
56.0084481239,56,29,PLAY,StillPlaying,128503
56.6511449814,56,30,PLAY,Writing,782553
60.0082499981,60,29,PLAY,StillPlaying,177437
60.1376080513,60,30,PLAY,Writing,782553
63.6352491379,63,31,PLAY,Writing,782553
64.0081241131,64,30,PLAY,StillPlaying,177437
67.2958989143,67,31,PLAY,Writing,782553
68.0081939697,68,30,PLAY,StillPlaying,217761
69.9359879494,69,31,PLAY,Writing,782553
72.0082559586,72,30,PLAY,StillPlaying,217761
73.1697809696,73,31,PLAY,Writing,782553
75.8635380268,75,32,PLAY,Writing,782553
76.0081391335,76,31,PLAY,StillPlaying,217761
79.1527109146,79,32,PLAY,Writing,782553
80.0081949234,80,31,PLAY,StillPlaying,217761
82.2612359524,82,32,PLAY,Writing,782553
84.0082359314,84,31,PLAY,StillPlaying,255865
85.8128769398,85,32,PLAY,Writing,782553
88.0082609653,88,31,PLAY,StillPlaying,255865
89.3747971058,89,32,PLAY,Writing,782553
92.0082859993,92,31,PLAY,StillPlaying,323047
92.8714239597,92,32,PLAY,Writing,782553
95.4627640247,95,33,PLAY,Writing,782553
96.0080919266,96,32,PLAY,StillPlaying,323047
99.0537810326,99,33,PLAY,Writing,1008699
100.008224964,100,32,PLAY,StillPlaying,323047
103.041435957,103,33,PLAY,Writing,1008699
104.008136988,104,32,PLAY,StillPlaying,323047
106.872854948,106,33,PLAY,Writing,1008699
108.00842309,108,32,PLAY,StillPlaying,378355
110.819955111,110,33,PLAY,Writing,1008699
112.008522987,112,32,PLAY,StillPlaying,378355
115.068952084,115,33,PLAY,Writing,1008699
116.008173943,116,32,PLAY,StillPlaying,378355
