EpochTime,CurrentPlaybackTime,CurrentBufferSize,CurrentPlaybackState,Action,Bitrate
0,0,0,INITIAL_BUFFERING,Starting,0
0,0,0,INITIAL_BUFFERING,Starting,0
0.000581979751587,0,1,INITIAL_BUFFERING,Writing,45226
0.00496816635132,0,1,PLAY,InitialBuffering-Play,0
0.00622701644897,0,0,PLAY,StillPlaying,45226
0.119369029999,0,1,PLAY,Writing,45226
0.378894090652,0,2,PLAY,Writing,45226
0.799795150757,0,3,PLAY,Writing,88783
1.3763999939,1,4,PLAY,Writing,128503
2.09485507011,2,5,PLAY,Writing,177437
2.84515595436,2,6,PLAY,Writing,217761
4.00757908821,4,5,PLAY,StillPlaying,45226
4.02470207214,4,6,PLAY,Writing,255865
5.66735315323,5,7,PLAY,Writing,323047
8.00761008263,8,6,PLAY,StillPlaying,45226
8.27148413658,8,7,PLAY,Writing,577751
11.1336779594,11,8,PLAY,Writing,577751
12.0075671673,12,7,PLAY,StillPlaying,88783
13.9880011082,13,8,PLAY,Writing,577751
16.0079441071,16,7,PLAY,StillPlaying,128503
20.0076010227,20,6,PLAY,StillPlaying,177437
22.004997015,21,7,PLAY,Writing,1473801
24.0076081753,24,6,PLAY,StillPlaying,217761
25.6231310368,25,7,PLAY,Writing,782553
28.0079331398,28,6,PLAY,StillPlaying,255865
28.5025141239,28,7,PLAY,Writing,577751
29.9226901531,29,8,PLAY,Writing,577751
32.0079391003,32,7,PLAY,StillPlaying,323047
32.8545529842,32,8,PLAY,Writing,782553
35.2967090607,35,9,PLAY,Writing,577751
36.0075399876,36,8,PLAY,StillPlaying,577751
38.4367330074,38,9,PLAY,Writing,782553
40.0075919628,40,8,PLAY,StillPlaying,577751
44.0076050758,44,7,PLAY,StillPlaying,577751
44.638559103,44,8,PLAY,Writing,1473801
48.0079231262,48,7,PLAY,StillPlaying,1473801
49.7857029438,49,8,PLAY,Writing,1008699
52.0080020428,52,7,PLAY,StillPlaying,782553
56.007625103,56,6,PLAY,StillPlaying,577751
56.5458390713,56,7,PLAY,Writing,1473801
59.4442169666,59,8,PLAY,Writing,1008699
60.0074710846,60,7,PLAY,StillPlaying,577751
62.243183136,62,8,PLAY,Writing,782553
64.0075910091,64,7,PLAY,StillPlaying,782553
64.8572940826,64,8,PLAY,Writing,782553
67.5275821686,67,9,PLAY,Writing,782553
68.0078639984,68,8,PLAY,StillPlaying,577751
70.5301320553,70,9,PLAY,Writing,782553
72.0075931549,72,8,PLAY,StillPlaying,782553
73.931661129,73,9,PLAY,Writing,782553
76.0076129436,76,8,PLAY,StillPlaying,1473801
76.9201619625,76,9,PLAY,Writing,782553
80.0079100132,80,8,PLAY,StillPlaying,1008699
80.3169591427,80,9,PLAY,Writing,782553
83.8316450119,83,10,PLAY,Writing,782553
84.0074911118,84,9,PLAY,StillPlaying,1473801
87.3874511719,87,10,PLAY,Writing,782553
88.0078470707,88,9,PLAY,StillPlaying,1008699
90.5533151627,90,10,PLAY,Writing,782553
92.0075991154,92,9,PLAY,StillPlaying,782553
94.076061964,94,10,PLAY,Writing,782553
96.0079271793,96,9,PLAY,StillPlaying,782553
98.9808521271,98,10,PLAY,Writing,1008699
100.007545948,100,9,PLAY,StillPlaying,782553
103.801735163,103,10,PLAY,Writing,1008699
104.007457972,104,9,PLAY,StillPlaying,782553
108.007608175,108,8,PLAY,StillPlaying,782553
108.733556986,108,9,PLAY,Writing,1008699
112.007677078,112,8,PLAY,StillPlaying,782553
114.311181068,114,9,PLAY,Writing,1473801
116.007574081,116,8,PLAY,StillPlaying,782553
117.484092951,117,9,PLAY,Writing,782553
