EpochTime,CurrentPlaybackTime,CurrentBufferSize,CurrentPlaybackState,Action,Bitrate
0,0,0,INITIAL_BUFFERING,Starting,0
0,0,0,INITIAL_BUFFERING,Starting,0
0.000576972961426,0,1,INITIAL_BUFFERING,Writing,45226
0.00467586517334,0,1,PLAY,InitialBuffering-Play,0
0.00621199607849,0,0,PLAY,StillPlaying,45226
0.352369070053,0,1,PLAY,Writing,88783.0
0.933017969131,0,2,PLAY,Writing,128503.0
1.78152608871,1,3,PLAY,Writing,177437.0
2.77427792549,2,4,PLAY,Writing,217761.0
3.70922398567,3,5,PLAY,Writing,255865.0
4.00729298592,4,4,PLAY,StillPlaying,88783.0
4.60436105728,4,5,PLAY,Writing,323047.0
6.61834406853,6,6,PLAY,Writing,378355.0
8.00777888298,8,5,PLAY,StillPlaying,128503.0
9.03253293037,9,6,PLAY,Writing,509091.0
11.6457309723,11,7,PLAY,Writing,577751.0
12.0075829029,12,6,PLAY,StillPlaying,177437.0
15.2115578651,15,7,PLAY,Writing,782553.0
16.0073518753,16,6,PLAY,StillPlaying,217761.0
20.0074410439,20,5,PLAY,StillPlaying,255865.0
20.0915009975,20,6,PLAY,Writing,1008699.0
23.8005619049,23,7,PLAY,Writing,782553.0
24.0077190399,24,6,PLAY,StillPlaying,323047.0
28.0074520111,28,5,PLAY,StillPlaying,378355.0
32.0074429512,32,4,PLAY,StillPlaying,509091.0
36.0074489117,36,3,PLAY,StillPlaying,577751.0
40.0075070858,40,2,PLAY,StillPlaying,782553.0
44.007445097,44,1,PLAY,StillPlaying,1008699.0
48.0078420639,48,0,PLAY,StillPlaying,782553.0
52.0077428818,52,0,BUFFERING,Play-Buffering,0
52.6716709137,52,1,BUFFERING,Writing,1008699.0
52.6752450466,52,1,PLAY,Buffering-Play,0
52.6760399342,52,0,PLAY,StillPlaying,1008699.0
54.298817873,53,1,PLAY,Writing,323047.0
55.1674089432,54,2,PLAY,Writing,378355.0
56.0826780796,55,3,PLAY,Writing,255865.0
56.6766200066,56,2,PLAY,StillPlaying,323047.0
57.4916689396,56,3,PLAY,Writing,323047.0
58.3220028877,57,4,PLAY,Writing,217761.0
59.2989928722,58,5,PLAY,Writing,255865.0
60.6764380932,60,4,PLAY,StillPlaying,378355.0
60.9101660252,60,5,PLAY,Writing,323047.0
62.8192970753,62,6,PLAY,Writing,378355.0
64.5045368671,63,7,PLAY,Writing,509091.0
64.6767029762,64,6,PLAY,StillPlaying,255865.0
66.3430058956,65,7,PLAY,Writing,577751.0
68.6764650345,68,6,PLAY,StillPlaying,323047.0
68.9404909611,68,7,PLAY,Writing,782553.0
71.8901910782,71,8,PLAY,Writing,1008699.0
72.6766979694,72,7,PLAY,StillPlaying,217761.0
74.9009230137,74,8,PLAY,Writing,782553.0
76.676429987,76,7,PLAY,StillPlaying,255865.0
78.9443058968,78,8,PLAY,Writing,1008699.0
80.6764309406,80,7,PLAY,StillPlaying,323047.0
81.9539449215,81,8,PLAY,Writing,782553.0
84.6767599583,84,7,PLAY,StillPlaying,378355.0
86.5498719215,85,8,PLAY,Writing,1008699.0
88.676527977,88,7,PLAY,StillPlaying,509091.0
90.0457239151,89,8,PLAY,Writing,782553.0
92.6764519215,92,7,PLAY,StillPlaying,577751.0
94.8392338753,94,8,PLAY,Writing,1008699.0
96.6764259338,96,7,PLAY,StillPlaying,782553.0
98.0164010525,97,8,PLAY,Writing,782553.0
100.676441908,100,7,PLAY,StillPlaying,1008699.0
102.737200022,102,8,PLAY,Writing,1008699.0
104.676505089,104,7,PLAY,StillPlaying,782553.0
106.310381889,105,8,PLAY,Writing,782553.0
108.676447868,108,7,PLAY,StillPlaying,1008699.0
111.138334036,110,8,PLAY,Writing,1008699.0
112.676367044,112,7,PLAY,StillPlaying,782553.0
114.798737049,114,8,PLAY,Writing,782553.0
116.676434994,116,7,PLAY,StillPlaying,1008699.0
119.037160873,118,8,PLAY,Writing,1008699.0
120.676434994,120,7,PLAY,StillPlaying,782553.0
122.21160388,121,8,PLAY,Writing,782553.0
124.677150011,124,7,PLAY,StillPlaying,1008699.0
126.676362991,126,8,PLAY,Writing,1008699.0
128.676426888,128,7,PLAY,StillPlaying,782553.0
129.774612904,129,8,PLAY,Writing,782553.0
132.676444054,132,7,PLAY,StillPlaying,1008699.0
134.131453991,133,8,PLAY,Writing,1008699.0
136.676429033,136,7,PLAY,StillPlaying,782553.0
137.255889893,136,8,PLAY,Writing,782553.0
140.676434994,140,7,PLAY,StillPlaying,1008699.0
140.751406908,140,8,PLAY,Writing,1008699.0
143.635094881,142,9,PLAY,Writing,782553.0
144.676441908,144,8,PLAY,StillPlaying,782553.0
