EpochTime,CurrentPlaybackTime,CurrentBufferSize,CurrentPlaybackState,Action,Bitrate
0,0,0,INITIAL_BUFFERING,Starting,0
0,0,0,INITIAL_BUFFERING,Starting,0
0.000665187835693,0,1,INITIAL_BUFFERING,Writing,45226
0.00502395629883,0,1,PLAY,InitialBuffering-Play,0
0.00616908073425,0,0,PLAY,StillPlaying,45226
0.128031015396,0,1,PLAY,Writing,45226
0.387266159058,0,2,PLAY,Writing,45226
0.600815057755,0,3,PLAY,Writing,45226
0.736278057098,0,4,PLAY,Writing,45226
0.975872993469,0,5,PLAY,Writing,45226
1.17176914215,1,6,PLAY,Writing,45226
1.30339407921,1,7,PLAY,Writing,45226
1.58264112473,1,8,PLAY,Writing,45226
1.94906902313,1,9,PLAY,Writing,88783
2.38532304764,2,10,PLAY,Writing,88783
2.99199914932,2,11,PLAY,Writing,128503
3.61222195625,3,12,PLAY,Writing,128503
4.00779700279,4,11,PLAY,StillPlaying,45226
4.21514511108,4,12,PLAY,Writing,128503
4.79527807236,4,13,PLAY,Writing,128503
5.44707798958,5,14,PLAY,Writing,177437
6.16191315651,6,15,PLAY,Writing,177437
7.026045084,7,16,PLAY,Writing,217761
7.84680509567,7,17,PLAY,Writing,217761
8.00779795647,8,16,PLAY,StillPlaying,45226
8.70246911049,8,17,PLAY,Writing,217761
9.71833300591,9,18,PLAY,Writing,217761
10.9444351196,10,19,PLAY,Writing,255865
11.8218681812,11,20,PLAY,Writing,255865
12.0077979565,12,19,PLAY,StillPlaying,45226
12.8480241299,12,20,PLAY,Writing,323047
13.6068480015,13,21,PLAY,Writing,323047
14.5001940727,14,22,PLAY,Writing,323047
15.6305129528,15,23,PLAY,Writing,323047
16.0081961155,16,22,PLAY,StillPlaying,45226
16.9682741165,16,23,PLAY,Writing,378355
18.1162881851,18,24,PLAY,Writing,378355
19.8437530994,19,25,PLAY,Writing,378355
20.0078041553,20,24,PLAY,StillPlaying,45226
22.1357340813,22,25,PLAY,Writing,509091
24.0079391003,24,24,PLAY,StillPlaying,45226
24.4485311508,24,25,PLAY,Writing,509091
28.0080301762,28,24,PLAY,StillPlaying,45226
30.2184941769,30,25,PLAY,Writing,509091
32.0079760551,32,24,PLAY,StillPlaying,45226
36.0079650879,36,23,PLAY,StillPlaying,88783
40.007953167,40,22,PLAY,StillPlaying,88783
44.0079751015,44,21,PLAY,StillPlaying,128503
48.0083940029,48,20,PLAY,StillPlaying,128503
52.0083889961,52,19,PLAY,StillPlaying,128503
54.5347781181,54,20,PLAY,Writing,509091
56.0079569817,56,19,PLAY,StillPlaying,128503
56.1424980164,56,20,PLAY,Writing,323047
57.6997301579,57,21,PLAY,Writing,323047
59.2829179764,59,22,PLAY,Writing,323047
60.0078589916,60,21,PLAY,StillPlaying,177437
60.4941020012,60,22,PLAY,Writing,323047
61.8559761047,61,23,PLAY,Writing,323047
63.5873801708,63,24,PLAY,Writing,378355
64.0078930855,64,23,PLAY,StillPlaying,177437
64.4799950123,64,24,PLAY,Writing,378355
66.0327131748,66,25,PLAY,Writing,378355
68.0081369877,68,24,PLAY,StillPlaying,217761
68.0118861198,68,25,PLAY,Writing,509091
69.858150959,69,26,PLAY,Writing,509091
71.5692410469,71,27,PLAY,Writing,509091
72.0078971386,72,26,PLAY,StillPlaying,217761
73.9191641808,73,27,PLAY,Writing,509091
76.0081150532,76,26,PLAY,StillPlaying,217761
76.2774600983,76,27,PLAY,Writing,509091
78.6815440655,78,28,PLAY,Writing,509091
80.0079109669,80,27,PLAY,StillPlaying,217761
80.3329880238,80,28,PLAY,Writing,577751
83.0267181396,83,29,PLAY,Writing,577751
84.008300066,84,28,PLAY,StillPlaying,255865
84.8913919926,84,29,PLAY,Writing,577751
87.2022631168,87,30,PLAY,Writing,577751
88.008272171,88,29,PLAY,StillPlaying,255865
90.3061029911,90,30,PLAY,Writing,782553
92.0082631111,92,29,PLAY,StillPlaying,323047
93.8532290459,93,30,PLAY,Writing,782553
96.0079181194,96,29,PLAY,StillPlaying,323047
97.4284231663,97,30,PLAY,Writing,782553
100.008272171,100,29,PLAY,StillPlaying,323047
100.92505002,100,30,PLAY,Writing,782553
103.516644001,103,31,PLAY,Writing,782553
104.007809162,104,30,PLAY,StillPlaying,323047
106.404144049,106,31,PLAY,Writing,782553
108.007956028,108,30,PLAY,StillPlaying,378355
109.483865976,109,31,PLAY,Writing,782553
112.007976055,112,30,PLAY,StillPlaying,378355
112.694993019,112,31,PLAY,Writing,782553
116.008272171,116,30,PLAY,StillPlaying,378355
116.139147043,116,31,PLAY,Writing,782553
119.543725967,119,32,PLAY,Writing,782553
120.007876158,120,31,PLAY,StillPlaying,509091
122.996320963,122,32,PLAY,Writing,782553
124.007935047,124,31,PLAY,StillPlaying,509091
126.345841169,126,32,PLAY,Writing,782553
128.008594036,128,31,PLAY,StillPlaying,509091
129.747756004,129,32,PLAY,Writing,782553
132.007940054,132,31,PLAY,StillPlaying,509091
132.947914124,132,32,PLAY,Writing,782553
135.919337034,135,33,PLAY,Writing,782553
136.007793188,136,32,PLAY,StillPlaying,323047
140.007949114,140,31,PLAY,StillPlaying,323047
140.148856163,140,32,PLAY,Writing,1008699
143.762465954,143,33,PLAY,Writing,782553
144.008152008,144,32,PLAY,StillPlaying,323047
