EpochTime,CurrentPlaybackTime,CurrentBufferSize,CurrentPlaybackState,Action,Bitrate
0,0,0,INITIAL_BUFFERING,Starting,0
0,0,0,INITIAL_BUFFERING,Starting,0
0.000565052032471,0,1,INITIAL_BUFFERING,Writing,45226
0.00499510765076,0,1,PLAY,InitialBuffering-Play,0
0.00629210472107,0,0,PLAY,StillPlaying,45226
0.11939406395,0,1,PLAY,Writing,45226
0.378868103027,0,2,PLAY,Writing,45226
0.810710906982,0,3,PLAY,Writing,88783
1.37230801582,1,4,PLAY,Writing,128503
2.09199213982,2,5,PLAY,Writing,177437
2.84200906754,2,6,PLAY,Writing,217761
4.00795507431,4,5,PLAY,StillPlaying,45226
4.03492903709,4,6,PLAY,Writing,255865
5.64714312553,5,7,PLAY,Writing,323047
8.00798010826,8,6,PLAY,StillPlaying,45226
8.26082801819,8,7,PLAY,Writing,577751
11.1242539883,11,8,PLAY,Writing,577751
12.0076339245,12,7,PLAY,StillPlaying,88783
13.9545929432,13,8,PLAY,Writing,577751
16.0078539848,16,7,PLAY,StillPlaying,128503
20.0079989433,20,6,PLAY,StillPlaying,177437
21.9853649139,21,7,PLAY,Writing,1473801
24.0076949596,24,6,PLAY,StillPlaying,217761
25.6023390293,25,7,PLAY,Writing,782553
28.0076580048,28,6,PLAY,StillPlaying,255865
32.0076770782,32,5,PLAY,StillPlaying,323047
36.0076861382,36,4,PLAY,StillPlaying,577751
40.0079641342,40,3,PLAY,StillPlaying,577751
44.0080070496,44,2,PLAY,StillPlaying,577751
48.0077059269,48,1,PLAY,StillPlaying,1473801
52.0077280998,52,0,PLAY,StillPlaying,782553
53.3393731117,53,1,PLAY,Writing,577751
53.5249190331,53,2,PLAY,Writing,45226
53.7364799976,53,3,PLAY,Writing,45226
54.0818939209,54,4,PLAY,Writing,88783
54.4728159904,54,5,PLAY,Writing,88783
54.8048169613,54,6,PLAY,Writing,88783
55.2156419754,55,7,PLAY,Writing,88783
56.0076620579,56,6,PLAY,StillPlaying,577751
60.0076920986,60,5,PLAY,StillPlaying,45226
61.9374489784,61,6,PLAY,Writing,1473801
63.6031019688,63,7,PLAY,Writing,577751
64.0075349808,64,6,PLAY,StillPlaying,45226
65.4238409996,65,7,PLAY,Writing,577751
66.8586170673,66,8,PLAY,Writing,577751
68.007666111,68,7,PLAY,StillPlaying,88783
69.5483949184,69,8,PLAY,Writing,782553
72.0079951286,72,7,PLAY,StillPlaying,88783
72.5525939465,72,8,PLAY,Writing,782553
75.9409399033,75,9,PLAY,Writing,782553
76.0077960491,76,8,PLAY,StillPlaying,88783
78.9668319225,78,9,PLAY,Writing,782553
80.0076711178,80,8,PLAY,StillPlaying,88783
82.3503520489,82,9,PLAY,Writing,782553
84.0078320503,84,8,PLAY,StillPlaying,1473801
85.8517429829,85,9,PLAY,Writing,782553
88.0076799393,88,8,PLAY,StillPlaying,577751
89.4084439278,89,9,PLAY,Writing,782553
92.0076799393,92,8,PLAY,StillPlaying,577751
92.575289011,92,9,PLAY,Writing,782553
96.0076839924,96,8,PLAY,StillPlaying,577751
96.1090149879,96,9,PLAY,Writing,782553
99.6818759441,99,10,PLAY,Writing,782553
100.007616043,100,9,PLAY,StillPlaying,782553
104.007678032,104,8,PLAY,StillPlaying,782553
104.520195961,104,9,PLAY,Writing,1008699
108.007669926,108,8,PLAY,StillPlaying,782553
108.192634106,108,9,PLAY,Writing,782553
112.007674932,112,8,PLAY,StillPlaying,782553
113.77453208,113,9,PLAY,Writing,1473801
116.007725954,116,8,PLAY,StillPlaying,782553
116.948230028,116,9,PLAY,Writing,782553
120.007690907,120,8,PLAY,StillPlaying,782553
121.422457933,121,9,PLAY,Writing,1008699
124.00770092,124,8,PLAY,StillPlaying,782553
124.688622952,124,9,PLAY,Writing,1008699
128.007677078,128,8,PLAY,StillPlaying,782553
130.699609041,130,9,PLAY,Writing,1473801
132.007683992,132,8,PLAY,StillPlaying,782553
133.822396994,133,9,PLAY,Writing,782553
136.007652044,136,8,PLAY,StillPlaying,782553
136.772604942,136,9,PLAY,Writing,782553
139.646114111,139,10,PLAY,Writing,782553
140.007539988,140,9,PLAY,StillPlaying,1008699
144.007673979,144,8,PLAY,StillPlaying,782553
146.307421923,146,9,PLAY,Writing,1473801
