EpochTime,CurrentPlaybackTime,CurrentBufferSize,CurrentPlaybackState,Action,Bitrate
0,0,0,INITIAL_BUFFERING,Starting,0
0,0,0,INITIAL_BUFFERING,Starting,0
0.000614166259766,0,1,INITIAL_BUFFERING,Writing,45226
0.0040271282196,0,1,PLAY,InitialBuffering-Play,0
0.00523900985718,0,0,PLAY,StillPlaying,45226
0.0690031051636,0,1,PLAY,Writing,88783.0
0.235409975052,0,2,PLAY,Writing,128503.0
0.45640206337,0,3,PLAY,Writing,177437.0
0.720489025116,0,4,PLAY,Writing,217761.0
0.966688156128,0,5,PLAY,Writing,255865.0
1.20502400398,1,6,PLAY,Writing,323047.0
1.77925801277,1,7,PLAY,Writing,378355.0
2.49995803833,2,8,PLAY,Writing,509091.0
3.46702718735,3,9,PLAY,Writing,577751.0
4.00641608238,4,8,PLAY,StillPlaying,88783.0
5.15847206116,5,9,PLAY,Writing,782553.0
8.00647616386,8,8,PLAY,StillPlaying,128503.0
8.45252609253,8,9,PLAY,Writing,1008699.0
11.6989581585,11,10,PLAY,Writing,1207152.0
12.0066981316,12,9,PLAY,StillPlaying,177437.0
16.0064849854,16,8,PLAY,StillPlaying,217761.0
19.0686609745,19,9,PLAY,Writing,1473801.0
20.0064210892,20,8,PLAY,StillPlaying,255865.0
24.0064861774,24,7,PLAY,StillPlaying,323047.0
28.0069210529,28,6,PLAY,StillPlaying,378355.0
28.8972260952,28,7,PLAY,Writing,1207152.0
31.2186670303,31,8,PLAY,Writing,782553.0
32.0064899921,32,7,PLAY,StillPlaying,509091.0
33.1367721558,33,8,PLAY,Writing,1008699.0
35.2681109905,35,9,PLAY,Writing,782553.0
36.0067842007,36,8,PLAY,StillPlaying,577751.0
38.1149179935,38,9,PLAY,Writing,1008699.0
40.0066230297,40,8,PLAY,StillPlaying,782553.0
40.7519111633,40,9,PLAY,Writing,782553.0
44.0071191788,44,8,PLAY,StillPlaying,1008699.0
44.5415911674,44,9,PLAY,Writing,1008699.0
47.4759500027,47,10,PLAY,Writing,1207152.0
48.0064220428,48,9,PLAY,StillPlaying,1207152.0
49.1199531555,49,10,PLAY,Writing,1008699.0
51.2435901165,51,11,PLAY,Writing,1207152.0
52.0068809986,52,10,PLAY,StillPlaying,1473801.0
56.0064210892,56,9,PLAY,StillPlaying,1207152.0
57.3119270802,57,10,PLAY,Writing,1473801.0
59.6505930424,59,11,PLAY,Writing,1207152.0
60.006319046,60,10,PLAY,StillPlaying,782553.0
64.0068471432,64,9,PLAY,StillPlaying,1008699.0
68.0064840317,68,8,PLAY,StillPlaying,782553.0
69.1905941963,69,9,PLAY,Writing,1473801.0
72.0064721107,72,8,PLAY,StillPlaying,1008699.0
72.6957621574,72,9,PLAY,Writing,782553.0
75.4600350857,75,10,PLAY,Writing,1008699.0
76.0063312054,76,9,PLAY,StillPlaying,782553.0
78.1964771748,78,10,PLAY,Writing,782553.0
80.0067651272,80,9,PLAY,StillPlaying,1008699.0
82.202105999,82,10,PLAY,Writing,1008699.0
84.0064821243,84,9,PLAY,StillPlaying,1207152.0
86.8767950535,86,10,PLAY,Writing,782553.0
88.0064501762,88,9,PLAY,StillPlaying,1008699.0
90.1310300827,90,10,PLAY,Writing,1008699.0
92.0064702034,92,9,PLAY,StillPlaying,1207152.0
92.8251051903,92,10,PLAY,Writing,782553.0
95.7264921665,95,11,PLAY,Writing,1008699.0
96.0063312054,96,10,PLAY,StillPlaying,1473801.0
100.006434202,100,9,PLAY,StillPlaying,1207152.0
101.009443045,101,10,PLAY,Writing,782553.0
102.554532051,102,11,PLAY,Writing,1008699.0
104.006528139,104,10,PLAY,StillPlaying,1473801.0
108.006483078,108,9,PLAY,StillPlaying,782553.0
108.519241095,108,10,PLAY,Writing,1207152.0
110.74120307,110,11,PLAY,Writing,1473801.0
112.088879108,112,10,PLAY,StillPlaying,1008699.0
116.006470203,116,9,PLAY,StillPlaying,782553.0
120.006488085,120,8,PLAY,StillPlaying,1008699.0
124.006829977,124,7,PLAY,StillPlaying,782553.0
127.494330168,127,8,PLAY,Writing,2087347.0
128.006396055,128,7,PLAY,StillPlaying,1008699.0
130.533064127,130,8,PLAY,Writing,1008699.0
132.006617069,132,7,PLAY,StillPlaying,782553.0
135.701840162,135,8,PLAY,Writing,1207152.0
136.006299019,136,7,PLAY,StillPlaying,1008699.0
137.876866102,137,8,PLAY,Writing,782553.0
140.006512165,140,7,PLAY,StillPlaying,782553.0
141.144297123,141,8,PLAY,Writing,1008699.0
142.856798172,142,9,PLAY,Writing,577751.0
144.006744146,144,8,PLAY,StillPlaying,1008699.0
147.05655098,147,9,PLAY,Writing,782553.0
148.006448984,148,8,PLAY,StillPlaying,1207152.0
149.732879162,149,9,PLAY,Writing,1008699.0
152.006479025,152,8,PLAY,StillPlaying,1473801.0
152.150612116,152,9,PLAY,Writing,782553.0
156.004623175,155,10,PLAY,Writing,1008699.0
156.008960009,156,9,PLAY,StillPlaying,2087347.0
160.006470203,160,8,PLAY,StillPlaying,1008699.0
160.214807034,160,9,PLAY,Writing,782553.0
163.165949106,163,10,PLAY,Writing,1008699.0
164.006441116,164,9,PLAY,StillPlaying,1207152.0
165.420948029,165,10,PLAY,Writing,782553.0
168.006749153,168,9,PLAY,StillPlaying,782553.0
168.537307024,168,10,PLAY,Writing,1008699.0
171.381342173,171,11,PLAY,Writing,782553.0
172.006304026,172,10,PLAY,StillPlaying,1008699.0
176.006486177,176,9,PLAY,StillPlaying,577751.0
177.484193087,177,10,PLAY,Writing,1008699.0
180.006518126,180,9,PLAY,StillPlaying,782553.0
180.414549112,180,10,PLAY,Writing,1207152.0
183.010106087,183,11,PLAY,Writing,1473801.0
184.00681901,184,10,PLAY,StillPlaying,1008699.0
188.00644207,188,9,PLAY,StillPlaying,782553.0
191.771373987,191,10,PLAY,Writing,1207152.0
192.006309986,192,9,PLAY,StillPlaying,1008699.0
195.593512058,195,10,PLAY,Writing,1008699.0
196.006437063,196,9,PLAY,StillPlaying,782553.0
198.655745983,198,10,PLAY,Writing,1207152.0
200.006859064,200,9,PLAY,StillPlaying,1008699.0
200.97046113,200,10,PLAY,Writing,1008699.0
202.403603077,202,11,PLAY,Writing,782553.0
204.006575108,204,10,PLAY,StillPlaying,782553.0
208.006854057,208,9,PLAY,StillPlaying,1008699.0
209.316859007,209,10,PLAY,Writing,1008699.0
212.006476164,212,9,PLAY,StillPlaying,782553.0
213.624101162,213,10,PLAY,Writing,1207152.0
216.006770134,216,9,PLAY,StillPlaying,1008699.0
217.890236139,217,10,PLAY,Writing,1473801.0
220.006474018,220,9,PLAY,StillPlaying,1207152.0
220.239498138,220,10,PLAY,Writing,1207152.0
223.378437996,223,11,PLAY,Writing,1473801.0
224.00645113,224,10,PLAY,StillPlaying,1473801.0
228.006740093,228,9,PLAY,StillPlaying,1207152.0
232.006800175,232,8,PLAY,StillPlaying,1008699.0
232.911702156,232,9,PLAY,Writing,1207152.0
236.006472111,236,8,PLAY,StillPlaying,1207152.0
237.063054085,237,9,PLAY,Writing,1008699.0
240.007145166,240,8,PLAY,StillPlaying,1008699.0
241.695687056,241,9,PLAY,Writing,1207152.0
244.006808996,244,8,PLAY,StillPlaying,782553.0
246.387328148,246,9,PLAY,Writing,1008699.0
248.006474972,248,8,PLAY,StillPlaying,1008699.0
249.234018087,249,9,PLAY,Writing,782553.0
252.006621122,252,8,PLAY,StillPlaying,1207152.0
253.652728081,253,9,PLAY,Writing,1008699.0
256.006469011,256,8,PLAY,StillPlaying,1473801.0
256.667541027,256,9,PLAY,Writing,782553.0
260.00646615,260,8,PLAY,StillPlaying,1207152.0
260.49635601,260,9,PLAY,Writing,1008699.0
263.179411173,263,10,PLAY,Writing,782553.0
264.00642705,264,9,PLAY,StillPlaying,1473801.0
265.71957016,265,10,PLAY,Writing,1008699.0
268.006832123,268,9,PLAY,StillPlaying,1207152.0
269.051498175,269,10,PLAY,Writing,782553.0
272.006829023,272,9,PLAY,StillPlaying,1008699.0
272.230425119,272,10,PLAY,Writing,1008699.0
274.381981134,274,11,PLAY,Writing,782553.0
276.006849051,276,10,PLAY,StillPlaying,1207152.0
280.006481171,280,9,PLAY,StillPlaying,1008699.0
281.437412977,281,10,PLAY,Writing,1008699.0
284.006488085,284,9,PLAY,StillPlaying,782553.0
285.127574205,285,10,PLAY,Writing,1207152.0
288.006505013,288,9,PLAY,StillPlaying,1008699.0
289.334200144,289,10,PLAY,Writing,1008699.0
292.006740093,292,9,PLAY,StillPlaying,782553.0
294.010424137,294,10,PLAY,Writing,1207152.0
296.006476164,296,9,PLAY,StillPlaying,1008699.0
300.006836176,300,8,PLAY,StillPlaying,782553.0
304.03737998,304,7,PLAY,StillPlaying,1008699.0
306.204868078,306,8,PLAY,Writing,1008699.0
307.829847097,307,9,PLAY,Writing,577751.0
308.006308079,308,8,PLAY,StillPlaying,782553.0
310.313249111,310,9,PLAY,Writing,782553.0
312.006484985,312,8,PLAY,StillPlaying,1008699.0
314.31151104,314,9,PLAY,Writing,577751.0
316.00646019,316,8,PLAY,StillPlaying,782553.0
320.006479979,320,7,PLAY,StillPlaying,1008699.0
322.379435062,322,8,PLAY,Writing,782553.0
324.006462097,324,7,PLAY,StillPlaying,1207152.0
328.006548166,328,6,PLAY,StillPlaying,1008699.0
331.516573191,331,7,PLAY,Writing,378355.0
332.006398201,332,6,PLAY,StillPlaying,1207152.0
336.006465197,336,5,PLAY,StillPlaying,1008699.0
336.577520132,336,6,PLAY,Writing,509091.0
340.006508112,340,5,PLAY,StillPlaying,577751.0
342.471574068,342,6,PLAY,Writing,378355.0
344.006461143,344,5,PLAY,StillPlaying,782553.0
348.006806135,348,4,PLAY,StillPlaying,577751.0
349.030256987,349,5,PLAY,Writing,255865.0
352.006806135,352,4,PLAY,StillPlaying,782553.0
352.032802105,352,5,PLAY,Writing,217761.0
354.735659122,354,6,PLAY,Writing,177437.0
356.006458044,356,5,PLAY,StillPlaying,378355.0
357.174473047,357,6,PLAY,Writing,217761.0
359.945001125,359,7,PLAY,Writing,177437.0
360.006303072,360,6,PLAY,StillPlaying,509091.0
361.925827026,361,7,PLAY,Writing,217761.0
364.006004095,364,8,PLAY,Writing,255865.0
364.009636164,364,7,PLAY,StillPlaying,378355.0
365.102411985,365,8,PLAY,Writing,323047.0
366.304793119,366,9,PLAY,Writing,378355.0
367.914782047,367,10,PLAY,Writing,509091.0
368.006710052,368,9,PLAY,StillPlaying,255865.0
369.251084089,369,10,PLAY,Writing,577751.0
371.316807985,371,11,PLAY,Writing,782553.0
372.006633997,372,10,PLAY,StillPlaying,217761.0
376.006452084,376,9,PLAY,StillPlaying,177437.0
379.611562014,379,10,PLAY,Writing,1008699.0
380.006356001,380,9,PLAY,StillPlaying,217761.0
383.075878143,383,10,PLAY,Writing,782553.0
384.006456137,384,9,PLAY,StillPlaying,177437.0
386.618827105,386,10,PLAY,Writing,1008699.0
388.006820202,388,9,PLAY,StillPlaying,217761.0
388.769248009,388,10,PLAY,Writing,782553.0
391.884154081,391,11,PLAY,Writing,1008699.0
392.006299973,392,10,PLAY,StillPlaying,255865.0
396.00643301,396,9,PLAY,StillPlaying,323047.0
398.521463156,398,10,PLAY,Writing,782553.0
400.006440163,400,9,PLAY,StillPlaying,378355.0
400.757956982,400,10,PLAY,Writing,1008699.0
403.309671164,403,11,PLAY,Writing,1207152.0
404.006679058,404,10,PLAY,StillPlaying,509091.0
408.006443977,408,9,PLAY,StillPlaying,577751.0
412.006489992,412,8,PLAY,StillPlaying,782553.0
413.759738207,413,9,PLAY,Writing,1473801.0
416.00645113,416,8,PLAY,StillPlaying,1008699.0
416.853047132,416,9,PLAY,Writing,1008699.0
418.350159168,418,10,PLAY,Writing,1207152.0
420.006821156,420,9,PLAY,StillPlaying,782553.0
420.051612139,420,10,PLAY,Writing,1008699.0
421.486105204,421,11,PLAY,Writing,1207152.0
424.006520033,424,10,PLAY,StillPlaying,1008699.0
428.006478071,428,9,PLAY,StillPlaying,782553.0
431.494397163,431,10,PLAY,Writing,1473801.0
432.006328106,432,9,PLAY,StillPlaying,1008699.0
435.402562141,435,10,PLAY,Writing,1207152.0
436.006381989,436,9,PLAY,StillPlaying,782553.0
438.96203804,438,10,PLAY,Writing,1473801.0
440.00645113,440,9,PLAY,StillPlaying,1008699.0
443.061141014,443,10,PLAY,Writing,1207152.0
444.006479979,444,9,PLAY,StillPlaying,1207152.0
446.959897995,446,10,PLAY,Writing,1008699.0
448.006461143,448,9,PLAY,StillPlaying,1473801.0
449.84218812,449,10,PLAY,Writing,782553.0
451.950803995,451,11,PLAY,Writing,1008699.0
452.006494045,452,10,PLAY,StillPlaying,1008699.0
456.006492138,456,9,PLAY,StillPlaying,1207152.0
457.48379302,457,10,PLAY,Writing,782553.0
459.801325083,459,11,PLAY,Writing,1008699.0
460.006301165,460,10,PLAY,StillPlaying,1008699.0
464.006559134,464,9,PLAY,StillPlaying,1207152.0
467.282989025,467,10,PLAY,Writing,1207152.0
468.006463051,468,9,PLAY,StillPlaying,1473801.0
472.006483078,472,8,PLAY,StillPlaying,1207152.0
472.038800001,472,9,PLAY,Writing,1473801.0
475.333078146,475,10,PLAY,Writing,1207152.0
476.006690025,476,9,PLAY,StillPlaying,1473801.0
480.006886005,480,8,PLAY,StillPlaying,1207152.0
483.543888092,483,9,PLAY,Writing,1473801.0
484.007129192,484,8,PLAY,StillPlaying,1008699.0
485.976293087,485,9,PLAY,Writing,1008699.0
488.006609201,488,8,PLAY,StillPlaying,782553.0
489.587362051,489,9,PLAY,Writing,1207152.0
492.006482124,492,8,PLAY,StillPlaying,1008699.0
494.164350033,494,9,PLAY,Writing,1008699.0
496.006474018,496,8,PLAY,StillPlaying,782553.0
498.694566011,498,9,PLAY,Writing,1207152.0
500.006654024,500,8,PLAY,StillPlaying,1008699.0
501.230271101,501,9,PLAY,Writing,1008699.0
504.006474018,504,8,PLAY,StillPlaying,1207152.0
504.506258011,504,9,PLAY,Writing,1207152.0
508.006810188,508,8,PLAY,StillPlaying,1473801.0
508.756802082,508,9,PLAY,Writing,1008699.0
512.006484032,512,8,PLAY,StillPlaying,1207152.0
516.006478071,516,7,PLAY,StillPlaying,1473801.0
516.668435097,516,8,PLAY,Writing,1207152.0
519.730488062,519,9,PLAY,Writing,782553.0
520.006331205,520,8,PLAY,StillPlaying,1008699.0
522.471004009,522,9,PLAY,Writing,1008699.0
524.006458998,524,8,PLAY,StillPlaying,1207152.0
524.262639046,524,9,PLAY,Writing,782553.0
526.499296188,526,10,PLAY,Writing,1008699.0
528.006808996,528,9,PLAY,StillPlaying,1008699.0
531.864587069,531,10,PLAY,Writing,1207152.0
532.006312132,532,9,PLAY,StillPlaying,1207152.0
536.006489992,536,8,PLAY,StillPlaying,1008699.0
536.665198088,536,9,PLAY,Writing,1473801.0
540.006483078,540,8,PLAY,StillPlaying,1207152.0
540.923597097,540,9,PLAY,Writing,1207152.0
543.778073072,543,10,PLAY,Writing,1008699.0
544.006637096,544,9,PLAY,StillPlaying,1008699.0
544.934701204,544,10,PLAY,Writing,1207152.0
546.841441154,546,11,PLAY,Writing,1008699.0
548.006524086,548,10,PLAY,StillPlaying,1207152.0
552.006788015,552,9,PLAY,StillPlaying,782553.0
554.144382,554,10,PLAY,Writing,1207152.0
556.004500151,555,11,PLAY,Writing,782553.0
556.009773016,556,10,PLAY,StillPlaying,1008699.0
556.244349003,556,11,PLAY,Writing,1008699.0
560.006536007,560,10,PLAY,StillPlaying,782553.0
564.006546021,564,9,PLAY,StillPlaying,1008699.0
568.006537199,568,8,PLAY,StillPlaying,1207152.0
572.006527185,572,7,PLAY,StillPlaying,1473801.0
576.006537199,576,6,PLAY,StillPlaying,1207152.0
580.006543159,580,5,PLAY,StillPlaying,1008699.0
584.006539106,584,4,PLAY,StillPlaying,1207152.0
588.006895065,588,3,PLAY,StillPlaying,1008699.0
592.006870031,592,2,PLAY,StillPlaying,1207152.0
596.006906033,596,1,PLAY,StillPlaying,782553.0
597.0067451,597,1,END,TheEnd,0
