EpochTime,CurrentPlaybackTime,CurrentBufferSize,CurrentPlaybackState,Action,Bitrate
0,0,0,INITIAL_BUFFERING,Starting,0
0,0,0,INITIAL_BUFFERING,Starting,0
0.000569105148315,0,1,INITIAL_BUFFERING,Writing,45226
0.00248599052429,0,1,PLAY,InitialBuffering-Play,0
0.00532698631287,0,0,PLAY,StillPlaying,45226
0.0464079380035,0,1,PLAY,Writing,45226
0.159320116043,0,2,PLAY,Writing,88783
0.265779018402,0,3,PLAY,Writing,88783
0.36777305603,0,4,PLAY,Writing,88783
0.468537092209,0,5,PLAY,Writing,88783
0.55476808548,0,6,PLAY,Writing,88783
0.649029970169,0,7,PLAY,Writing,88783
0.755362987518,0,8,PLAY,Writing,88783
0.855273962021,0,9,PLAY,Writing,88783
1.02903699875,1,10,PLAY,Writing,88783
1.1914191246,1,11,PLAY,Writing,128503
1.367208004,1,12,PLAY,Writing,128503
1.54215312004,1,13,PLAY,Writing,128503
1.77296996117,1,14,PLAY,Writing,177437
1.95751810074,1,15,PLAY,Writing,177437
2.19976496696,2,16,PLAY,Writing,217761
2.4913020134,2,17,PLAY,Writing,217761
2.79458594322,2,18,PLAY,Writing,217761
3.15949201584,3,19,PLAY,Writing,255865
3.6424779892,3,20,PLAY,Writing,255865
4.00865006447,4,19,PLAY,StillPlaying,45226
4.35387396812,4,20,PLAY,Writing,323047
4.81682896614,4,21,PLAY,Writing,323047
5.39919400215,5,22,PLAY,Writing,323047
5.99734210968,5,23,PLAY,Writing,323047
6.83798909187,6,24,PLAY,Writing,378355
7.52992200851,7,25,PLAY,Writing,378355
8.00853300095,8,24,PLAY,StillPlaying,88783
8.89950799942,8,25,PLAY,Writing,509091
10.1917879581,10,26,PLAY,Writing,509091
11.177259922,11,27,PLAY,Writing,509091
12.0084769726,12,26,PLAY,StillPlaying,88783
12.0110609531,12,27,PLAY,Writing,509091
13.753565073,13,28,PLAY,Writing,509091
16.0084779263,16,27,PLAY,StillPlaying,88783
16.1042311192,16,28,PLAY,Writing,577751
19.3312029839,19,29,PLAY,Writing,577751
20.0084409714,20,28,PLAY,StillPlaying,88783
22.2876830101,22,29,PLAY,Writing,577751
24.0087780952,24,28,PLAY,StillPlaying,88783
28.0087790489,28,27,PLAY,StillPlaying,88783
28.4467589855,28,28,PLAY,Writing,577751
31.1095299721,31,29,PLAY,Writing,577751
32.0087780952,32,28,PLAY,StillPlaying,88783
32.4274070263,32,29,PLAY,Writing,577751
33.8688240051,33,30,PLAY,Writing,577751
36.0237951279,36,29,PLAY,StillPlaying,88783
36.3353040218,36,30,PLAY,Writing,782553
38.4104609489,38,31,PLAY,Writing,782553
40.0087740421,40,30,PLAY,StillPlaying,88783
41.269092083,41,31,PLAY,Writing,782553
43.6781151295,43,32,PLAY,Writing,782553
44.0084569454,44,31,PLAY,StillPlaying,128503
45.2635540962,45,32,PLAY,Writing,782553
46.6787099838,46,33,PLAY,Writing,782553
48.0087680817,48,32,PLAY,StillPlaying,128503
49.2876701355,49,33,PLAY,Writing,1008699
52.0087969303,52,32,PLAY,StillPlaying,128503
52.0763580799,52,33,PLAY,Writing,1008699
56.0087029934,56,32,PLAY,StillPlaying,177437
56.5559461117,56,33,PLAY,Writing,1008699
58.8885281086,58,34,PLAY,Writing,1008699
60.0087730885,60,33,PLAY,StillPlaying,177437
62.1583530903,62,34,PLAY,Writing,1008699
64.0087769032,64,33,PLAY,StillPlaying,217761
66.4009850025,66,34,PLAY,Writing,1008699
68.0084569454,68,33,PLAY,StillPlaying,217761
70.8416070938,70,34,PLAY,Writing,1008699
72.0083880424,72,33,PLAY,StillPlaying,217761
74.4324550629,74,34,PLAY,Writing,1008699
76.0084409714,76,33,PLAY,StillPlaying,255865
78.0691699982,78,34,PLAY,Writing,1008699
80.0088329315,80,33,PLAY,StillPlaying,255865
82.0282979012,82,34,PLAY,Writing,1008699
84.008450985,84,33,PLAY,StillPlaying,323047
87.9203369617,87,34,PLAY,Writing,1008699
88.0085999966,88,33,PLAY,StillPlaying,323047
89.867208004,89,34,PLAY,Writing,1008699
92.0087621212,92,33,PLAY,StillPlaying,323047
92.624104023,92,34,PLAY,Writing,1008699
95.0502660275,95,35,PLAY,Writing,1008699
96.0084400177,96,34,PLAY,StillPlaying,323047
96.8807370663,96,35,PLAY,Writing,1207152
99.2683050632,99,36,PLAY,Writing,1207152
100.008737087,100,35,PLAY,StillPlaying,378355
101.170305014,101,36,PLAY,Writing,1207152
103.033939123,103,37,PLAY,Writing,1207152
104.008440971,104,36,PLAY,StillPlaying,378355
105.846745014,105,37,PLAY,Writing,1207152
108.008500099,108,36,PLAY,StillPlaying,509091
108.314767122,108,37,PLAY,Writing,1207152
110.131649017,110,38,PLAY,Writing,1207152
112.008455992,112,37,PLAY,StillPlaying,509091
113.224910021,113,38,PLAY,Writing,1473801
116.008467913,116,37,PLAY,StillPlaying,509091
120.008465052,120,36,PLAY,StillPlaying,509091
121.550699949,121,37,PLAY,Writing,1473801
124.008466959,124,36,PLAY,StillPlaying,509091
128.008460045,128,35,PLAY,StillPlaying,577751
128.374053955,128,36,PLAY,Writing,1207152
132.008462906,132,35,PLAY,StillPlaying,577751
134.467020988,134,36,PLAY,Writing,1207152
136.008775949,136,35,PLAY,StillPlaying,577751
138.351727009,138,36,PLAY,Writing,1207152
140.008786917,140,35,PLAY,StillPlaying,577751
144.008719921,144,34,PLAY,StillPlaying,577751
144.246725082,144,35,PLAY,Writing,1207152
148.008453131,148,34,PLAY,StillPlaying,577751
148.461080074,148,35,PLAY,Writing,1207152
150.410224915,150,36,PLAY,Writing,1207152
152.008456945,152,35,PLAY,StillPlaying,577751
156.008464098,156,34,PLAY,StillPlaying,782553
156.036731005,156,35,PLAY,Writing,1207152
160.008472919,160,34,PLAY,StillPlaying,782553
161.506974936,161,35,PLAY,Writing,1207152
164.008451939,164,34,PLAY,StillPlaying,782553
164.621916056,164,35,PLAY,Writing,1207152
168.008460045,168,34,PLAY,StillPlaying,782553
169.096195936,169,35,PLAY,Writing,1207152
172.008691072,172,34,PLAY,StillPlaying,782553
172.629184961,172,35,PLAY,Writing,1207152
175.71816802,175,36,PLAY,Writing,1207152
176.008639097,176,35,PLAY,StillPlaying,782553
178.333301067,178,36,PLAY,Writing,1207152
180.008451939,180,35,PLAY,StillPlaying,1008699
181.138122082,181,36,PLAY,Writing,1207152
184.008484125,184,35,PLAY,StillPlaying,1008699
188.008774996,188,34,PLAY,StillPlaying,1008699
188.190505981,188,35,PLAY,Writing,1207152
192.008455038,192,34,PLAY,StillPlaying,1008699
194.437532902,194,35,PLAY,Writing,1207152
196.008476973,196,34,PLAY,StillPlaying,1008699
198.439307928,198,35,PLAY,Writing,1207152
200.008445978,200,34,PLAY,StillPlaying,1008699
200.566980124,200,35,PLAY,Writing,1207152
202.838643074,202,36,PLAY,Writing,1207152
204.008471966,204,35,PLAY,StillPlaying,1008699
207.009155035,207,36,PLAY,Writing,1207152
208.008366108,208,35,PLAY,StillPlaying,1008699
211.447748899,211,36,PLAY,Writing,1207152
212.008775949,212,35,PLAY,StillPlaying,1008699
215.815313101,215,36,PLAY,Writing,1207152
216.008312941,216,35,PLAY,StillPlaying,1008699
219.256989002,219,36,PLAY,Writing,1207152
220.008424044,220,35,PLAY,StillPlaying,1008699
222.304610014,222,36,PLAY,Writing,1207152
224.008460999,224,35,PLAY,StillPlaying,1008699
226.511738062,226,36,PLAY,Writing,1207152
228.008492947,228,35,PLAY,StillPlaying,1008699
231.504708052,231,36,PLAY,Writing,1207152
232.00840807,232,35,PLAY,StillPlaying,1008699
236.008461952,236,34,PLAY,StillPlaying,1207152
236.365237951,236,35,PLAY,Writing,1207152
239.731801987,239,36,PLAY,Writing,1207152
240.008343935,240,35,PLAY,StillPlaying,1207152
244.008462906,244,34,PLAY,StillPlaying,1207152
244.24309206,244,35,PLAY,Writing,1207152
246.947463036,246,36,PLAY,Writing,1207152
248.008738995,248,35,PLAY,StillPlaying,1207152
250.659660101,250,36,PLAY,Writing,1207152
252.008723974,252,35,PLAY,StillPlaying,1207152
254.685080051,254,36,PLAY,Writing,1207152
256.008681059,256,35,PLAY,StillPlaying,1207152
258.430187941,258,36,PLAY,Writing,1207152
260.008496046,260,35,PLAY,StillPlaying,1207152
262.058803082,262,36,PLAY,Writing,1207152
264.008780956,264,35,PLAY,StillPlaying,1473801
264.942398071,264,36,PLAY,Writing,1207152
268.008769035,268,35,PLAY,StillPlaying,1473801
269.411027908,269,36,PLAY,Writing,1207152
272.008484125,272,35,PLAY,StillPlaying,1207152
273.478639126,273,36,PLAY,Writing,1207152
276.008801937,276,35,PLAY,StillPlaying,1207152
276.548027992,276,36,PLAY,Writing,1207152
280.008448124,280,35,PLAY,StillPlaying,1207152
281.05112195,281,36,PLAY,Writing,1207152
284.008491039,284,35,PLAY,StillPlaying,1207152
285.149733067,285,36,PLAY,Writing,1207152
288.008783102,288,35,PLAY,StillPlaying,1207152
290.04383707,290,36,PLAY,Writing,1207152
292.008784056,292,35,PLAY,StillPlaying,1207152
296.00850606,296,34,PLAY,StillPlaying,1207152
296.918766975,296,35,PLAY,Writing,1207152
300.008491993,300,34,PLAY,StillPlaying,1207152
304.008456945,304,33,PLAY,StillPlaying,1207152
307.596918106,307,34,PLAY,Writing,1207152
308.008382082,308,33,PLAY,StillPlaying,1207152
310.801337004,310,34,PLAY,Writing,1008699
312.008770943,312,33,PLAY,StillPlaying,1207152
316.008477926,316,32,PLAY,StillPlaying,1207152
319.13312006,319,33,PLAY,Writing,1008699
320.008368015,320,32,PLAY,StillPlaying,1207152
324.008474112,324,31,PLAY,StillPlaying,1207152
328.008876085,328,30,PLAY,StillPlaying,1207152
331.080702066,331,31,PLAY,Writing,1008699
332.008384943,332,30,PLAY,StillPlaying,1207152
336.008481026,336,29,PLAY,StillPlaying,1207152
337.300364971,337,30,PLAY,Writing,782553
340.008462906,340,29,PLAY,StillPlaying,1207152
344.02314806,344,28,PLAY,StillPlaying,1207152
348.008460999,348,27,PLAY,StillPlaying,1207152
351.718920946,351,28,PLAY,Writing,782553
352.008317947,352,27,PLAY,StillPlaying,1207152
356.008491993,356,26,PLAY,StillPlaying,1207152
357.768844128,357,27,PLAY,Writing,577751
360.008784056,360,26,PLAY,StillPlaying,1207152
364.008826971,364,25,PLAY,StillPlaying,1207152
364.324069023,364,26,PLAY,Writing,509091
366.441978931,366,27,PLAY,Writing,509091
367.980551958,367,28,PLAY,Writing,509091
368.008296967,368,27,PLAY,StillPlaying,1207152
369.619396925,369,28,PLAY,Writing,577751
370.637744904,370,29,PLAY,Writing,577751
371.893459082,371,30,PLAY,Writing,577751
372.008311987,372,29,PLAY,StillPlaying,1207152
373.393343925,373,30,PLAY,Writing,782553
374.946944952,374,31,PLAY,Writing,782553
376.008464098,376,30,PLAY,StillPlaying,1207152
377.535946131,377,31,PLAY,Writing,782553
380.008454084,380,30,PLAY,StillPlaying,1207152
381.897912025,381,31,PLAY,Writing,782553
384.008467913,384,30,PLAY,StillPlaying,1207152
385.344486952,385,31,PLAY,Writing,782553
387.265463114,387,32,PLAY,Writing,782553
388.008402109,388,31,PLAY,StillPlaying,1207152
389.577490091,389,32,PLAY,Writing,782553
392.008778095,392,31,PLAY,StillPlaying,1207152
392.294146061,392,32,PLAY,Writing,782553
395.806807041,395,33,PLAY,Writing,782553
396.00861001,396,32,PLAY,StillPlaying,1207152
398.8959589,398,33,PLAY,Writing,1008699
400.008769035,400,32,PLAY,StillPlaying,1207152
401.517724991,401,33,PLAY,Writing,1008699
404.008482933,404,32,PLAY,StillPlaying,1207152
404.229234934,404,33,PLAY,Writing,1008699
408.008789062,408,32,PLAY,StillPlaying,1207152
408.932004929,408,33,PLAY,Writing,1008699
412.00848794,412,32,PLAY,StillPlaying,1207152
414.13143611,414,33,PLAY,Writing,1008699
416.008489132,416,32,PLAY,StillPlaying,1207152
417.665893078,417,33,PLAY,Writing,1008699
419.412954092,419,34,PLAY,Writing,1008699
420.008430958,420,33,PLAY,StillPlaying,1207152
421.111342907,421,34,PLAY,Writing,1008699
423.826328993,423,35,PLAY,Writing,1008699
424.008328915,424,34,PLAY,StillPlaying,1207152
428.008456945,428,33,PLAY,StillPlaying,1207152
428.490756035,428,34,PLAY,Writing,1207152
432.008902073,432,33,PLAY,StillPlaying,1207152
432.012174129,432,34,PLAY,Writing,1008699
435.053757906,435,35,PLAY,Writing,1008699
436.008412123,436,34,PLAY,StillPlaying,1207152
438.980323076,438,35,PLAY,Writing,1207152
440.008466005,440,34,PLAY,StillPlaying,1207152
442.710724115,442,35,PLAY,Writing,1207152
444.008445978,444,34,PLAY,StillPlaying,1008699
445.309943914,445,35,PLAY,Writing,1207152
447.793958902,447,36,PLAY,Writing,1207152
448.008309126,448,35,PLAY,StillPlaying,1008699
450.451528072,450,36,PLAY,Writing,1207152
452.008727074,452,35,PLAY,StillPlaying,1008699
452.678194046,452,36,PLAY,Writing,1207152
456.008848906,456,35,PLAY,StillPlaying,782553
460.00898695,460,34,PLAY,StillPlaying,782553
464.008523941,464,33,PLAY,StillPlaying,577751
468.008516073,468,32,PLAY,StillPlaying,509091
472.008860111,472,31,PLAY,StillPlaying,509091
476.008795977,476,30,PLAY,StillPlaying,509091
480.008846998,480,29,PLAY,StillPlaying,577751
484.008527994,484,28,PLAY,StillPlaying,577751
488.008511066,488,27,PLAY,StillPlaying,577751
492.008525133,492,26,PLAY,StillPlaying,782553
496.008557081,496,25,PLAY,StillPlaying,782553
500.008847952,500,24,PLAY,StillPlaying,782553
504.008561134,504,23,PLAY,StillPlaying,782553
508.008531094,508,22,PLAY,StillPlaying,782553
512.008568048,512,21,PLAY,StillPlaying,782553
516.008531094,516,20,PLAY,StillPlaying,782553
520.008527994,520,19,PLAY,StillPlaying,782553
524.008525133,524,18,PLAY,StillPlaying,782553
528.008537054,528,17,PLAY,StillPlaying,1008699
532.008861065,532,16,PLAY,StillPlaying,1008699
536.008525133,536,15,PLAY,StillPlaying,1008699
540.008855104,540,14,PLAY,StillPlaying,1008699
544.008518934,544,13,PLAY,StillPlaying,1008699
548.008539915,548,12,PLAY,StillPlaying,1008699
552.008527994,552,11,PLAY,StillPlaying,1008699
556.008526087,556,10,PLAY,StillPlaying,1008699
560.00850296,560,9,PLAY,StillPlaying,1008699
564.008584976,564,8,PLAY,StillPlaying,1207152
568.008855104,568,7,PLAY,StillPlaying,1008699
572.008863926,572,6,PLAY,StillPlaying,1008699
576.008516073,576,5,PLAY,StillPlaying,1207152
580.008498907,580,4,PLAY,StillPlaying,1207152
584.00852704,584,3,PLAY,StillPlaying,1207152
588.008846045,588,2,PLAY,StillPlaying,1207152
592.008860111,592,1,PLAY,StillPlaying,1207152
596.008518934,596,0,PLAY,StillPlaying,1207152
597.02305007,597,0,END,TheEnd,0
