EpochTime,CurrentPlaybackTime,CurrentBufferSize,CurrentPlaybackState,Action,Bitrate
0,0,0,INITIAL_BUFFERING,Starting,0
0,0,0,INITIAL_BUFFERING,Starting,0
0.000624179840088,0,1,INITIAL_BUFFERING,Writing,45226
0.00434398651123,0,1,PLAY,InitialBuffering-Play,0
0.00616002082825,0,0,PLAY,StillPlaying,45226
0.0370571613312,0,1,PLAY,Writing,45226
0.101869106293,0,2,PLAY,Writing,45226
0.209143161774,0,3,PLAY,Writing,88783
0.360777139664,0,4,PLAY,Writing,128503
0.551280021667,0,5,PLAY,Writing,177437
0.746544122696,0,6,PLAY,Writing,217761
1.06117200851,1,7,PLAY,Writing,255865
3.84637999535,3,8,PLAY,Writing,1473801
4.00822710991,4,7,PLAY,StillPlaying,45226
8.00764203072,8,6,PLAY,StillPlaying,45226
8.39442610741,8,7,PLAY,Writing,1473801
11.6007361412,11,8,PLAY,Writing,1207152
12.0075900555,12,7,PLAY,StillPlaying,88783
16.0076711178,16,6,PLAY,StillPlaying,128503
16.404058218,16,7,PLAY,Writing,1207152
20.0076642036,20,6,PLAY,StillPlaying,177437
24.0076780319,24,5,PLAY,StillPlaying,217761
28.0076580048,28,4,PLAY,StillPlaying,255865
32.0076930523,32,3,PLAY,StillPlaying,1473801
34.8013031483,34,4,PLAY,Writing,3340509
36.009111166,36,3,PLAY,StillPlaying,1473801
37.0979230404,37,4,PLAY,Writing,577751
38.324144125,38,5,PLAY,Writing,378355
39.335999012,39,6,PLAY,Writing,509091
40.0076429844,40,5,PLAY,StillPlaying,1207152
41.1356232166,41,6,PLAY,Writing,577751
42.986246109,42,7,PLAY,Writing,509091
44.0080220699,44,6,PLAY,StillPlaying,1207152
44.1834211349,44,7,PLAY,Writing,577751
47.3586461544,47,8,PLAY,Writing,1473801
48.0075991154,48,7,PLAY,StillPlaying,3340509
52.0080270767,52,6,PLAY,StillPlaying,577751
52.2989602089,52,7,PLAY,Writing,1473801
56.0076620579,56,6,PLAY,StillPlaying,378355
60.0081720352,60,5,PLAY,StillPlaying,509091
63.7538051605,63,6,PLAY,Writing,3340509
64.0075201988,64,5,PLAY,StillPlaying,577751
67.1777060032,67,6,PLAY,Writing,1473801
68.0076022148,68,5,PLAY,StillPlaying,509091
70.4521391392,70,6,PLAY,Writing,782553
71.7998220921,71,7,PLAY,Writing,577751
72.0075170994,72,6,PLAY,StillPlaying,577751
74.7040920258,74,7,PLAY,Writing,1473801
76.0076711178,76,6,PLAY,StillPlaying,1473801
76.985681057,76,7,PLAY,Writing,782553
78.7743940353,78,8,PLAY,Writing,577751
80.0076701641,80,7,PLAY,StillPlaying,1473801
81.2445240021,81,8,PLAY,Writing,782553
84.0076680183,84,7,PLAY,StillPlaying,3340509
85.7899811268,85,8,PLAY,Writing,782553
88.0083332062,88,7,PLAY,StillPlaying,1473801
88.8442451954,88,8,PLAY,Writing,782553
91.0093650818,91,9,PLAY,Writing,782553
92.0076072216,92,8,PLAY,StillPlaying,782553
93.5811710358,93,9,PLAY,Writing,782553
95.657392025,95,10,PLAY,Writing,782553
96.0076491833,96,9,PLAY,StillPlaying,577751
98.8561441898,98,10,PLAY,Writing,1207152
100.007652044,100,9,PLAY,StillPlaying,1473801
101.461282015,101,10,PLAY,Writing,1473801
104.007662058,104,9,PLAY,StillPlaying,782553
104.609610081,104,10,PLAY,Writing,1473801
108.008195162,108,9,PLAY,StillPlaying,577751
110.308782101,110,10,PLAY,Writing,3936261
112.00805521,112,9,PLAY,StillPlaying,782553
114.197566986,114,10,PLAY,Writing,1473801
116.007676125,116,9,PLAY,StillPlaying,782553
120.007678986,120,8,PLAY,StillPlaying,782553
124.008015156,124,7,PLAY,StillPlaying,782553
128.00795722,128,6,PLAY,StillPlaying,782553
130.882611036,130,7,PLAY,Writing,3340509
132.007642031,132,6,PLAY,StillPlaying,782553
134.443193197,134,7,PLAY,Writing,1473801
136.007973194,136,6,PLAY,StillPlaying,1207152
138.800559998,138,7,PLAY,Writing,1473801
140.008004189,140,6,PLAY,StillPlaying,1473801
141.995985031,141,7,PLAY,Writing,782553
144.007672071,144,6,PLAY,StillPlaying,1473801
145.816529989,145,7,PLAY,Writing,782553
147.297141075,147,8,PLAY,Writing,577751
148.007625103,148,7,PLAY,StillPlaying,3936261
149.849021196,149,8,PLAY,Writing,1008699
152.007676125,152,7,PLAY,StillPlaying,1473801
152.142480135,152,8,PLAY,Writing,782553
156.007673025,156,7,PLAY,StillPlaying,3340509
159.963175058,159,8,PLAY,Writing,1207152
160.007503986,160,7,PLAY,StillPlaying,1473801
162.55906105,162,8,PLAY,Writing,782553
164.008084059,164,7,PLAY,StillPlaying,1473801
164.612251997,164,8,PLAY,Writing,782553
166.880417109,166,9,PLAY,Writing,782553
168.007661104,168,8,PLAY,StillPlaying,782553
169.40420413,169,9,PLAY,Writing,782553
171.727671146,171,10,PLAY,Writing,782553
172.007910013,172,9,PLAY,StillPlaying,782553
175.580704212,175,10,PLAY,Writing,1473801
176.007614136,176,9,PLAY,StillPlaying,577751
178.779417992,178,10,PLAY,Writing,1473801
180.007660151,180,9,PLAY,StillPlaying,1008699
182.724688053,182,10,PLAY,Writing,1473801
184.007971048,184,9,PLAY,StillPlaying,782553
187.680261135,187,10,PLAY,Writing,1473801
188.007533073,188,9,PLAY,StillPlaying,1207152
192.008061171,192,8,PLAY,StillPlaying,782553
194.527498007,194,9,PLAY,Writing,1473801
196.007655144,196,8,PLAY,StillPlaying,782553
197.744630098,197,9,PLAY,Writing,1207152
200.008042097,200,8,PLAY,StillPlaying,782553
200.338657141,200,9,PLAY,Writing,1008699
202.096862078,202,10,PLAY,Writing,1008699
204.007658005,204,9,PLAY,StillPlaying,782553
204.495061159,204,10,PLAY,Writing,1008699
208.007688999,208,9,PLAY,StillPlaying,782553
208.463979006,208,10,PLAY,Writing,1207152
212.007672071,212,9,PLAY,StillPlaying,1473801
213.381174088,213,10,PLAY,Writing,1473801
216.007656097,216,9,PLAY,StillPlaying,1473801
217.696640015,217,10,PLAY,Writing,1473801
220.007647038,220,9,PLAY,StillPlaying,1473801
220.036744118,220,10,PLAY,Writing,1207152
222.636648178,222,11,PLAY,Writing,1207152
224.007608175,224,10,PLAY,StillPlaying,1473801
226.53066802,226,11,PLAY,Writing,1473801
228.007650137,228,10,PLAY,StillPlaying,1473801
232.007956028,232,9,PLAY,StillPlaying,1207152
234.069314003,234,10,PLAY,Writing,1473801
236.007863998,236,9,PLAY,StillPlaying,1008699
239.703934193,239,10,PLAY,Writing,1473801
240.007552147,240,9,PLAY,StillPlaying,1008699
244.007657051,244,8,PLAY,StillPlaying,1008699
247.029247046,247,9,PLAY,Writing,1473801
248.007625103,248,8,PLAY,StillPlaying,1207152
251.650171041,251,9,PLAY,Writing,1008699
252.007537127,252,8,PLAY,StillPlaying,1473801
255.998226166,255,9,PLAY,Writing,1207152
256.008001089,256,8,PLAY,StillPlaying,1473801
259.064036131,259,9,PLAY,Writing,1207152
260.007966042,260,8,PLAY,StillPlaying,1207152
262.482259989,262,9,PLAY,Writing,782553
264.007943153,264,8,PLAY,StillPlaying,1207152
265.129063129,265,9,PLAY,Writing,1008699
267.640602112,267,10,PLAY,Writing,782553
268.007552147,268,9,PLAY,StillPlaying,1473801
270.987224102,270,10,PLAY,Writing,1008699
272.007665157,272,9,PLAY,StillPlaying,1473801
274.402670145,274,10,PLAY,Writing,1207152
276.007662058,276,9,PLAY,StillPlaying,1473801
277.921925068,277,10,PLAY,Writing,1008699
280.007676125,280,9,PLAY,StillPlaying,1473801
281.100635052,281,10,PLAY,Writing,1008699
284.008041143,284,9,PLAY,StillPlaying,1008699
284.615259171,284,10,PLAY,Writing,1207152
288.007678032,288,9,PLAY,StillPlaying,1207152
291.136219025,291,10,PLAY,Writing,1473801
292.007592201,292,9,PLAY,StillPlaying,1207152
296.007672071,296,8,PLAY,StillPlaying,782553
299.422137022,299,9,PLAY,Writing,1207152
300.007516146,300,8,PLAY,StillPlaying,1008699
304.007709026,304,7,PLAY,StillPlaying,782553
307.480334997,307,8,PLAY,Writing,782553
308.007564068,308,7,PLAY,StillPlaying,1008699
308.924903154,308,8,PLAY,Writing,577751
310.827569008,310,9,PLAY,Writing,577751
312.008008003,312,8,PLAY,StillPlaying,1207152
316.007662058,316,7,PLAY,StillPlaying,1008699
317.360394001,317,8,PLAY,Writing,577751
320.007658005,320,7,PLAY,StillPlaying,1008699
322.212037086,322,8,PLAY,Writing,577751
324.007718086,324,7,PLAY,StillPlaying,1207152
328.007729053,328,6,PLAY,StillPlaying,1473801
331.368367195,331,7,PLAY,Writing,378355
332.00752902,332,6,PLAY,StillPlaying,1207152
334.517024994,334,7,PLAY,Writing,323047
336.007697105,336,6,PLAY,StillPlaying,782553
339.808597088,339,7,PLAY,Writing,378355
340.007505178,340,6,PLAY,StillPlaying,577751
344.007660151,344,5,PLAY,StillPlaying,577751
344.208347082,344,6,PLAY,Writing,255865
348.008021116,348,5,PLAY,StillPlaying,577751
349.537836075,349,6,PLAY,Writing,217761
352.007662058,352,5,PLAY,StillPlaying,577751
352.217715025,352,6,PLAY,Writing,255865
353.707391024,353,7,PLAY,Writing,128503
356.007662058,356,6,PLAY,StillPlaying,378355
357.036910057,357,7,PLAY,Writing,255865
359.364881039,359,8,PLAY,Writing,177437
360.007996082,360,7,PLAY,StillPlaying,323047
361.91208005,361,8,PLAY,Writing,217761
363.846592188,363,9,PLAY,Writing,255865
364.007725,364,8,PLAY,StillPlaying,378355
365.002623081,364,9,PLAY,Writing,255865
365.989004135,365,10,PLAY,Writing,323047
367.143224001,367,11,PLAY,Writing,378355
368.007990122,368,10,PLAY,StillPlaying,255865
368.964763165,368,11,PLAY,Writing,577751
371.183960199,371,12,PLAY,Writing,782553
372.007603168,372,11,PLAY,StillPlaying,217761
376.007710218,376,10,PLAY,StillPlaying,255865
380.007662058,380,9,PLAY,StillPlaying,128503
384.007659197,384,8,PLAY,StillPlaying,255865
387.274688005,387,9,PLAY,Writing,3936261
388.007610083,388,8,PLAY,StillPlaying,177437
390.239978075,390,9,PLAY,Writing,1008699
392.008002996,392,8,PLAY,StillPlaying,217761
395.488976002,395,9,PLAY,Writing,1207152
396.007561207,396,8,PLAY,StillPlaying,255865
399.145537138,399,9,PLAY,Writing,1207152
400.007867098,400,8,PLAY,StillPlaying,255865
402.578471184,402,9,PLAY,Writing,1207152
404.007651091,404,8,PLAY,StillPlaying,323047
407.028287172,407,9,PLAY,Writing,1473801
408.007582188,408,8,PLAY,StillPlaying,378355
412.00770402,412,7,PLAY,StillPlaying,577751
413.432354212,413,8,PLAY,Writing,1473801
416.007664204,416,7,PLAY,StillPlaying,782553
416.089335203,416,8,PLAY,Writing,782553
418.034804106,418,9,PLAY,Writing,1207152
419.202661991,419,10,PLAY,Writing,1008699
420.007634163,420,9,PLAY,StillPlaying,3936261
421.218084097,421,10,PLAY,Writing,1207152
424.008018017,424,9,PLAY,StillPlaying,1008699
424.282469034,424,10,PLAY,Writing,1473801
428.007664204,428,9,PLAY,StillPlaying,1207152
430.267608166,430,10,PLAY,Writing,1473801
432.008026123,432,9,PLAY,StillPlaying,1207152
436.007668018,436,8,PLAY,StillPlaying,1207152
440.007668018,440,7,PLAY,StillPlaying,1473801
444.007690191,444,6,PLAY,StillPlaying,1473801
446.38917017,446,7,PLAY,Writing,3340509
448.007662058,448,6,PLAY,StillPlaying,782553
450.471138,450,7,PLAY,Writing,1473801
452.007629156,452,6,PLAY,StillPlaying,1207152
453.122628212,453,7,PLAY,Writing,1207152
454.708491087,454,8,PLAY,Writing,1008699
456.007975101,456,7,PLAY,StillPlaying,1008699
457.017441988,457,8,PLAY,Writing,1008699
458.310180187,458,9,PLAY,Writing,782553
460.008071184,460,8,PLAY,StillPlaying,1207152
460.911006212,460,9,PLAY,Writing,1008699
464.007678032,464,8,PLAY,StillPlaying,1473801
464.570115089,464,9,PLAY,Writing,1207152
468.007673025,468,8,PLAY,StillPlaying,1473801
468.102281094,468,9,PLAY,Writing,1207152
471.582413197,471,10,PLAY,Writing,1207152
472.007507086,472,9,PLAY,StillPlaying,3340509
474.771046162,474,10,PLAY,Writing,1207152
476.007660151,476,9,PLAY,StillPlaying,1473801
480.00766921,480,8,PLAY,StillPlaying,1207152
483.055891991,483,9,PLAY,Writing,1473801
484.00762701,484,8,PLAY,StillPlaying,1008699
485.553724051,485,9,PLAY,Writing,1008699
488.008274078,488,8,PLAY,StillPlaying,1008699
489.145419121,489,9,PLAY,Writing,1207152
492.007666111,492,8,PLAY,StillPlaying,782553
494.513544083,494,9,PLAY,Writing,1207152
496.007665157,496,8,PLAY,StillPlaying,1008699
498.206314087,498,9,PLAY,Writing,1008699
500.007688999,500,8,PLAY,StillPlaying,1207152
500.801487207,500,9,PLAY,Writing,1008699
503.168756008,503,10,PLAY,Writing,1008699
504.00762701,504,9,PLAY,StillPlaying,1207152
508.007697105,508,8,PLAY,StillPlaying,1207152
508.321242094,508,9,PLAY,Writing,1207152
512.008056164,512,8,PLAY,StillPlaying,1207152
513.302472115,513,9,PLAY,Writing,1008699
516.007663012,516,8,PLAY,StillPlaying,1473801
519.362612009,519,9,PLAY,Writing,1008699
520.007662058,520,8,PLAY,StillPlaying,1008699
521.292950153,521,9,PLAY,Writing,782553
523.924706221,523,10,PLAY,Writing,1008699
524.007507086,524,9,PLAY,StillPlaying,1207152
528.007652044,528,8,PLAY,StillPlaying,1207152
529.363114119,529,9,PLAY,Writing,1473801
532.007663012,532,8,PLAY,StillPlaying,1008699
535.254209042,535,9,PLAY,Writing,1473801
536.007965088,536,8,PLAY,StillPlaying,1008699
540.00765419,540,7,PLAY,StillPlaying,1008699
544.008014202,544,6,PLAY,StillPlaying,1207152
545.213784218,545,7,PLAY,Writing,3936261
548.007665157,548,6,PLAY,StillPlaying,1008699
552.007676125,552,5,PLAY,StillPlaying,1008699
553.639188051,553,6,PLAY,Writing,3340509
556.007661104,556,5,PLAY,StillPlaying,782553
556.143386126,556,6,PLAY,Writing,1473801
557.334425211,557,7,PLAY,Writing,782553
559.292422056,559,8,PLAY,Writing,3936261
560.007688046,560,7,PLAY,StillPlaying,1008699
562.779074192,562,8,PLAY,Writing,3936261
564.007659197,564,7,PLAY,StillPlaying,1473801
567.92843914,567,8,PLAY,Writing,3936261
568.007507086,568,7,PLAY,StillPlaying,1473801
569.053570032,569,8,PLAY,Writing,3936261
572.00773716,572,7,PLAY,StillPlaying,3936261
576.007716179,576,6,PLAY,StillPlaying,3340509
580.007725,580,5,PLAY,StillPlaying,1473801
584.008151054,584,4,PLAY,StillPlaying,782553
588.014726162,588,3,PLAY,StillPlaying,3936261
592.007714987,592,2,PLAY,StillPlaying,3936261
596.007735014,596,1,PLAY,StillPlaying,3936261
597.008542061,597,1,END,TheEnd,0
